id,nombre,caravana,hbu,rp,pigmentoizquierdo,created_at,updated_at,slug,pigmentoderecho,padre,abuelom,hijos,pavg,g_epd,fpdir,nacido,destete,meses15,meses18,pa_v,fpmat,leche,aobc,grasac,ce,efc,indicecria,indicecompleto,destacado
1,sin nombre,,1356683,481,,,,,,,,1,,,0.5,-0.2,6.4,15.5,8.7,24.6,-4.2,7.2,1.1,-1.04,0.2,S/D,39,57,1
2,CIPA CEBOLLATI TARZAN 5389,,1365843,5389,,,,,,,,215,,G,12.1,0.4,22,36.4,40,40.6,4.4,2.9,1.55,0.48,1.4,96,106,111,1
3,G.M.Advance 9012/5/24,,1382161,2801,,,,,,,,116,,,1.3,1.3,24.8,40,51.6,55.2,1.8,9.3,3.42,-0.03,0.9,101.7,130,139,1
4,MADRUGADOR KIYUS RAINMAN 34,,1399881,4818,,,,,,,,186,,G,2,1.5,22.6,34.1,31.3,39.3,-1.2,3,0.77,0.23,0.3,93.6,104,93,0
5,SATUR FORC BOOMER-3509,,1403150,3509,,,,,,,,678,,G,3.9,1.7,24.9,39.9,41.2,33.7,-1.3,9.7,4.13,-0.28,1.1,112.8,150,123,0
6,HORMIGA LAPACHO 7,,1405444,140,,,,,,,,497,,,-4.1,2.1,24.7,40.6,42.7,52.8,-4.8,3.4,2.32,0.23,1,99.6,111,111,0
7,ANCARES BIFE ANCHO 16,,1405943,7515,,,,,,,,307,,G,0.1,0.7,21.1,32.8,33.2,32.5,0.7,11.2,1.87,0.23,0.5,98.7,131,106,0
8,G.M.MANDINGA 7,,1409721,3147,,,,,,,,83,,G,2.3,2.4,19.2,37.5,38.8,66.9,2,5.4,0.77,-0.28,0.8,108.4,76,93,0
9,C DEL T COCO 1 MOLER,,1426592,481,,,,,,,,57,,G,0.2,2.3,22.5,35.2,39.6,37.3,1.4,9.4,1.74,-0.03,1,S/D,132,125,0
10,ANCARES BOMBARDERO 19,,1427622,8072,,,,,,,,28,,,5.9,0.4,15,35.1,32.9,36.2,3.7,1.8,1.68,1.24,0.7,89.9,62,130,0
11,G.M. JACK HOLDEN 13,,1427804,3427,,,,,,,,165,,G,2.8,1.4,23.6,39.3,42.4,50.9,2.5,10.9,3.1,0.48,0.9,99,133,112,0
12,SAN JUANS YARRAM BLUSHROSE 28,,1432305,2914,,,,,,,,49,,,2.8,1.5,19.2,34.2,32.2,33.5,2.2,5.4,1.61,0.23,0.6,S/D,100,114,0
13,PODEROSO THUNDER PAMPA/30 T.E.I.,,1434599,30,,,,,,,,203,,,-0.7,1.8,21.9,37.8,34.3,26.4,-1.8,8.8,1.68,-0.03,0.7,98.4,132,121,0
14,�U-PORA 2215/2686/08,,1439632,3544,,,,,,,,45,,G,3.1,1.3,18.5,35.1,34.7,43.5,-0.9,6.4,3.1,0.23,0.1,103.9,89,121,0
15,CAL 299,,1441859,299,,,,,,,,27,,G,-0.9,2.3,26,45.6,45.9,51.3,2.9,7.8,1.68,0.48,1.4,98.2,137,117,0
16,HORMIGA CAUDILLO 10,,1441983,329,,,,,,,,21,,,-1.7,1.7,25,39.1,41.9,53.9,-1.5,7.6,2.19,0.48,0.9,S/D,126,103,0
17,HORMIGA RAUL 12,,1441989,335,,,,,,,,221,,G,-1.9,1.6,14.9,33.6,37.3,56.8,-2.2,5.9,3.29,0.48,1,100.8,63,118,0
18,ANCARES LLORON 9,,1442024,8283,,,,,,,,250,,G,3.1,0.6,20,33.2,38.4,15.4,3.2,17.1,2.84,0.74,1.2,98.3,163,150,0
19,ZERCA R ENVIDO WRANGLER 20,,1446066,12702,,,,,,,,0,,,-1.3,2,22.7,38,44.1,45.7,1.8,7.6,2.71,-0.03,0.1,S/D,115,145,0
20,TORDO LT 4121-5763,,1446522,5763,,,,,,,,49,,G,3.4,0.9,21.2,38.4,43.7,43.5,0.3,10,4.13,0.48,0.6,98.5,120,141,0
21,SANTA INES 9080 GRAN BIFE,,1448464,9080,,,,,,,,34,,G,5.7,1.8,25.3,38.4,38.6,43.2,2.2,8.3,2.58,-0.28,0.6,110.4,137,103,0
22,SATUR GENIO 3996,,1448627,3996,,,,,,,,4,,,-5.4,2.3,22.2,35.4,38.8,46.2,-3.3,7.4,2.9,0.48,0.5,S/D,113,123,0
23,SATUR GRANBIFE 4001,,1448632,4001,,,,,,,,28,,,-0.5,2,21.3,37.9,41.1,35.9,-1.1,8.9,2.77,-0.28,0.8,S/D,123,139,0
24,SATUR GRANBIFE 4002,,1448633,4002,,,,,,,,77,,G,5.9,2.3,23.2,38.5,40.3,35.2,3.6,10.2,2.26,-1.04,0.6,106,137,127,0
25,Caraca Fanatico 3046,,1449154,3046,,,,,,,,176,,G,-3.5,2,21.8,38.9,47.8,53.4,-0.8,6.1,4.06,-0.28,0.8,100.2,103,144,0
26,G.M. MOLER 11,,1449529,3606,,,,,,,,50,,,11.3,0.1,21.5,30.6,31.8,51.8,7.5,6.8,2,-0.03,0.2,97.8,102,71,0
27,G.M. MANDINGA 13/2,,1449579,3656,,,,,,,,197,,,1.7,1.4,21.6,40.3,42.2,32.4,3,4.5,0.9,0.23,1.1,94.3,114,143,0
28,G.M. DINERO 17/61,,1449592,3669,,,,,,,,125,,,5.8,0.3,21.5,40.2,46.4,50.5,3.1,12.8,2.52,0.23,1,S/D,129,127,0
29,Ancares Bifeancho 123,,1449919,8375,,,,,,,,44,,,-2.5,1.9,22.3,38.3,44.3,37.8,-1.2,10,2.65,-0.28,0.7,S/D,131,146,0
30,GARUFA MILTON 1205,,1450101,1205,,,,,,,,1,,,-0.2,1.6,23,39,44.3,35.5,0.2,7,1.16,0.23,0.6,S/D,125,150,0
31,TORDO YAGUARI 5905,,1451056,5905,,,,,,,,200,,G,4.2,0.7,14.7,31.2,32.2,28.1,2.4,13.6,3.1,0.48,0.9,103.6,110,129,0
32,PINGO VIEJO NUP EINSTEN 3005/2148/09,,1451315,3891,,,,,,,,163,,,2,0.9,20.8,39.1,45.4,32.8,-1.6,9.8,2.45,0.23,0.6,S/D,125,163,0
33,HORMIGA CAUDILLO 27,,1451372,387,,,,,,,,240,,G,0.2,2.4,28.7,45.2,50.1,62.1,-2.2,4.2,4.26,0.48,0.2,100.6,124,132,0
34,ZERCA SAT F.BOOMER 2,,1452194,12843,,,,,,,,87,,G,6.6,1.1,23.9,34.2,45.9,43.1,2.9,9.6,3.1,0.48,1,95.5,136,136,0
35,ZERCA GUAMBIA FORTRESS 3,,1452311,12914,,,,,,,,0,,,3.9,1,18.3,34.7,39.3,37.7,4.4,7.8,1.61,-0.03,0.8,S/D,101,134,0
36,ORCSEN 38 X GBIFE,,1452935,258,,,,,,,,114,,G,-0.7,2.5,27.5,43.4,48.5,49,-1,4.8,4.26,-0.28,1.1,108.5,135,131,0
37,RDA 10 09 3042,,1456071,3314,,,,,,,,39,,,-2.7,1.7,25.4,36.7,34.8,53.1,-3.6,7.4,1.16,0.48,0.1,S/D,124,82,0
38,TIENTO 4532-6,,1457098,96,,,,,,,,12,,,1.4,0.9,20,33.2,37.5,33.2,-0.2,8.6,2.06,-0.03,1.3,S/D,120,118,0
39,santa ines 9185 gran bife,,1457369,9185,,,,,,,,65,,,2.8,1,19.1,30.7,31.7,35.4,-1.5,7.4,3.16,-0.03,0.7,S/D,106,104,0
40,D.R. FORC BOOMER-15/5 T.E.,,1457504,186,,,,,,,,0,,,2,1.7,20.2,33.5,32.6,35.3,-3.2,8.1,1.42,-0.03,0.4,S/D,112,111,0
41,S.E. BIFE,,1458052,700,,,,,,,,21,,,3.5,1,18.4,28,31.1,38.1,2.4,11.4,3.29,1.24,0.6,S/D,113,108,0
42,LA LUCHA 1458 SPARK,,1458465,1458,,,,,,,,60,,,-2.1,1.8,30.1,44.7,53.2,60,0,4.8,3.35,0.23,1.2,99.9,142,122,0
43,LA LUCHA 1486 CAUDILLO,,1458493,1486,,,,,,,,94,,,3.2,0.7,23.7,35.2,46.8,63.8,-0.1,6.7,1.68,0.74,0.8,98.5,108,111,0
44,LC FORCK BOOMER MAGICO,,1458777,1567,,,,,,,,1,,,8.8,0.7,18.6,32.3,33.7,35.7,1.2,7.5,1.1,-0.03,0.8,S/D,103,108,0
45,SATUR GENIO MILAGRO 4142,,1459337,4142,,,,,,,,61,,G,-3.1,2.7,23,36.9,49.2,38.2,-1.2,7.1,1.81,1.24,0.2,99.3,121,189,0
46,JUCAMOR FORC BOOMER 1,,1459375,855,,,,,,,,21,,G,0,2,24.8,42.1,44.1,39.4,-3.5,8.4,3.81,0.48,0.6,104.7,137,143,0
47,santa ines 9302 por suerte,,1459533,9302,,,,,,,,162,,G,-0.6,1.8,19.4,36.9,40.8,31.3,-3.3,13.1,3.42,0.74,1.7,101.9,136,143,0
48,HORMIGA CAUDILLO 37,,1459887,488,,,,,,,,408,,,-2.3,2.2,24.2,39.6,42.8,53.8,-3.5,1.5,1.61,0.48,1,98.1,101,115,0
49,HORMIGA CAUDILLO 41,,1459913,514,,,,,,,,33,,,-1.5,1.8,19.5,33.2,35.6,50.3,-1.9,6.5,3.68,-0.03,0.9,S/D,95,101,0
50,Ancares Mete Miedo 2,,1460150,8700,,,,,,,,0,,,-5.8,2.3,19.1,32.4,37.4,38.4,-3.8,7.8,1.03,0.74,0.5,S/D,103,139,0
51,G.M. LUCIFER 32,,1460277,3806,,,,,,,,131,,,2.2,1,16.1,34.2,42.9,39.5,3.4,8.4,0.71,0.48,1.2,S/D,92,152,0
52,VICTORIANO PIMPO 667-22,,1461634,667,,,,,,,,99,,,-9.1,3.6,29,44.6,53.1,68.7,-3.8,7.2,3.1,-0.03,0.7,S/D,135,129,0
53,SE RECORD ARAUCANO TREMOR 1722,,1461805,2420,,,,,,,,70,,G,4.4,0.6,18.6,32.7,33.8,20.1,0.3,9.7,2.26,-0.03,0.6,92.6,122,134,0
54,V CH REVOLUTION 10/11,,1461993,6771,,,,,,,,4,,G,-5.5,3.3,28.9,44.2,42.6,42,-1.5,9.2,3.74,-0.79,0.4,97.7,159,119,0
55,ISMAEL PETACA 617,,1462277,617,,,,,,,,13,,G,-2.7,2.7,25.4,38.1,32,42.1,-1.7,4.5,-0.13,-1.04,0.4,98.8,123,77,0
56,LAS CAA�A�A?A�AS CONONET,,1462634,959,,,,,,,,33,,,-0.1,0.8,16.7,28.8,31.6,36.6,-1,6.7,2.13,-0.53,1,S/D,91,101,0
57,G.M. LUCIFER 45,,1462720,3863,,,,,,,,137,,G,4.3,1.5,20.4,34.3,41.9,44.9,2.9,8.8,2.45,-0.03,0.8,96.8,111,131,0
58,LA SOLANA 292 GRAN BIFE T.E.,,1465159,292,,,,,,,,25,,,-6.1,2.9,26.2,42.1,39.3,38,-5.2,6.1,2.52,0.23,0.7,S/D,138,121,0
59,ZERCA BENNETT 1,,1465408,13043,,,,,,,,5,,G,7.5,0.8,19.1,26.7,28.9,24.7,4.5,9.1,0.39,1.75,0.7,97.9,119,114,0
60,LC MANTA KAPOK,,1466971,1646,,,,,,,,55,,,1.9,1.3,23.4,34.3,32.7,32.6,-1.9,6.1,2.84,-0.03,0.2,S/D,124,106,0
61,CEIBAL 7882-12,,1467111,8415,,,,,,,,161,,,5,0.4,16.7,27.9,35.7,35.5,3.2,5,2.26,0.74,1.3,S/D,87,124,0
62,SANCRIST-PING,,1468288,1158,,,,,,,,55,,,-4.1,2.4,30.8,49.7,48.7,38.9,-0.7,7.3,3.16,-0.03,1.2,S/D,170,131,0
63,SIP VICTOR,,1469098,8362,,,,,,,,196,,G,4.7,1.3,25.9,46.3,53.5,62.3,2.5,10,3.1,0.74,0.8,116.3,133,139,0
64,SATUR ABOUT TIME 4221 T.E,,1469605,4221,,,,,,,,12,,,-2,1.9,22.8,37.8,39.2,47.4,-2.1,7.5,2.26,-0.28,0.8,S/D,118,107,0
65,Ancares Forc Boomer 13,,1469617,8814,,,,,,,,222,,,6.3,0.9,23.5,32.6,37.3,45.4,-0.2,9,3.74,0.23,0.1,107.6,125,107,0
66,CHAA�A�A?A�AR BOGART 34 3102,,1470600,3102,,,,,,,,63,,,-3.3,1.8,20.6,31.8,33.3,34.7,-0.5,4.5,3.16,-0.28,0.8,95.2,105,110,0
67,CHAA�A�A?A�AR DOMINO 41628 3 3104,,1470602,3104,,,,,,,,16,,,4.5,0.6,22.1,29.6,24,35.5,3.2,8.8,2.65,1.75,1.1,100.2,130,60,0
68,Ancares Kamikaze 1,,1470764,8819,,,,,,,,502,,,-4.5,2.4,26.4,42.6,43.8,38.2,-3.2,11.8,1.23,0.48,0.9,95.3,160,130,0
69,Ancares Kamikaze 2,,1470784,8840,,,,,,,,137,,,-2.3,2,22,38.2,40.8,50.5,-0.7,9.8,1.48,-0.03,1.2,S/D,122,107,0
70,Ancares Moler 3-8,,1470894,8953,,,,,,,,57,,,8.1,0,23.7,38.3,45.3,40.5,4.4,5.7,3.42,0.74,0.6,85.7,121,140,0
71,AZUL CAUDILLO 2778,,1470913,2778,,,,,,,,89,,,-3.3,2.4,18.9,35.3,43,43.6,-4.9,6.5,2.77,0.48,0.6,S/D,94,158,0
72,PINGO VIEJO FEDERAL 3235/11,,1471062,4375,,,,,,,,1,,,3.2,1.5,20.6,34.7,34.7,42,0.4,5.6,2,-0.28,1,S/D,104,98,0
73,BAQUEANO ADVANCE 7101-13,,1471462,10918,,,,,,,,68,,,-2.1,2.3,25.1,39.6,41.1,35.9,1.8,15.7,3.03,0.23,0.8,S/D,168,126,0
74,BAQUEANO ADVANCE 7101-14,,1471469,10925,,,,,,,,158,,,-0.3,1.6,26.6,44.7,54.7,47,2.1,16.9,4.65,0.23,1,S/D,174,158,0
75,SATUR CAUDILLO 4254,,1471558,4254,,,,,,,,63,,,11.4,-0.5,21.4,31.7,32.9,37.5,5.1,5.6,2.06,-0.03,0.5,S/D,109,90,0
76,SATUR ABOUT TIME 4262,,1471564,4262,,,,,,,,0,,,-1.3,1.7,22.1,33.7,38,46.9,-1.4,9.5,2.45,-0.28,0.6,S/D,120,106,0
77,V CH DOMINO 175 4/11,,1471926,6972,,,,,,,,7,,,-2.5,2.5,25.6,42.2,51.6,56.8,1.1,11.8,2.65,-0.03,1,S/D,143,138,0
78,CEIBAL 8010-04,,1472204,8560,,,,,,,,30,,,-1.1,1.7,22.1,35.4,38.6,41.9,0.5,8.4,2.9,-0.03,0.4,95.9,119,122,0
79,G.M. BICHO 2,,1472429,3908,,,,,,,,91,,,0.6,1.8,18.9,34,30.6,39.1,1.6,3.8,0.77,0.48,0.9,90.8,90,99,0
80,G.M. DINERO 17/72,,1472431,3910,,,,,,,,55,,,0,1.4,26.9,44.3,51.8,55.9,0.9,8.3,1.1,0.23,1.3,98.6,140,125,0
81,G.M. HH ADV. 5061/3,,1472453,3932,,,,,,,,26,,,-2,2.6,23.2,40.6,44.8,49,0.3,12.2,3.23,-0.28,1,105.2,137,128,0
82,G.M. LUCIFER 54,,1472467,3946,,,,,,,,8,,,-3.2,2.4,20,35.1,32,41,-0.1,5.9,0.65,-0.03,1.1,S/D,103,95,0
83,G.M. PAVAROTTI 20,,1472504,3986,,,,,,,,99,,,-2.4,1.9,19,33,40.2,27.1,-0.7,12.2,1.1,0.48,0.8,99.2,129,158,0
84,G.M. LUCIFER 68,,1472535,4018,,,,,,,,70,,,-0.6,2.1,19.1,33.2,36.9,33.7,1.2,6.3,1.55,0.23,0.9,94.4,104,135,0
85,DOA�A�A?A�ADELA BOGART 78,,1472849,78,,,,,,,,129,,,-1.8,1.8,22,39.7,44.9,39.1,0.2,13.5,3.87,0.48,0.9,96.4,142,150,0
86,HORMIGA ROGER 1,,1473101,546,,,,,,,,8,,,-4.5,2.2,27,42,45.8,55.8,-2.7,7,3.81,0.48,0.6,98.7,132,120,0
87,HORMIGA CUA�A�A?A�ADO 1,,1473105,550,,,,,,,,57,,,3.8,1,19.5,37.7,45.5,47.3,0.9,9.9,2.52,-0.28,1,S/D,110,138,0
88,BAQUEANO ADVANCE 7101-19,,1473201,10948,,,,,,,,148,,,-1.9,2.1,23.8,39.8,48.2,41.8,2.5,14.7,3.55,0.23,1.3,S/D,156,147,0
89,RINCON DF REVOLUTION PIVISION 848,,1473448,848,,,,,,,,92,,,5.2,0.6,22.7,38.3,45.7,44.1,3.8,7.3,3.94,0.48,1.1,S/D,121,135,0
90,Tangarupa Hummer 1557,,1473797,2057,,,,,,,,82,,,-2.8,1.7,17.1,36.7,46.9,37.8,-3.1,5.9,1.29,-0.28,0.9,S/D,88,175,0
91,ISMA GARUFA ONLINE 1047-648,,1474348,648,,,,,,,,48,,,-0.3,2.3,24.2,39.5,39,36.6,3.1,6.6,0.84,-0.28,0.7,S/D,130,119,0
92,PINGUELA DURANGO 2651,,1475119,2651,,,,,,,,25,,,8,0.2,25.6,39.4,41.2,30,5.1,10.2,2.32,-0.03,1,98.9,157,116,0
93,DORADILLO-18,,1475185,18,,,,,,,,14,,,-3.7,2.1,20,35.5,37,45.1,-4.9,8.9,3.16,0.48,0.4,S/D,107,124,0
94,V CH ROLANDO 44/11,,1475682,7088,,,,,,,,83,,,3.2,1.2,19.6,30.3,40.7,41.5,2,6.8,3.23,0.48,0.7,S/D,102,138,0
95,TORDO LT 5482-6683,,1475844,6683,,,,,,,,67,,,-0.2,1.5,18.1,33.1,39.9,45.2,-1.2,10.3,4.32,0.23,0.9,S/D,104,132,0
96,ATALIBA YEGA�A�A?A?A?A�RO 169,,1476400,169,,,,,,,,78,,,2.1,1,14.6,32.8,31.8,24.8,-0.5,10,1.61,0.48,0,S/D,93,148,0
97,PARAISO HEADLINER 15.11,,1476850,10766,,,,,,,,47,,,-5.7,2.5,19,38.1,40.1,43.9,-2.5,7.5,2.77,-0.03,0.8,S/D,99,137,0
98,ZERCA R ENVIDO WRANGLER 44,,1477111,13436,,,,,,,,0,,,-3.2,2.4,22.5,36.6,37.6,37.7,-0.5,7.7,3.55,-0.53,0.2,S/D,120,127,0
99,ZERCA DURANGO 4 T.E.,,1477174,13415,,,,,,,,0,,,3.7,0.9,23.5,36.1,41.1,46.6,2.9,11.8,2.58,-0.03,0.8,S/D,138,107,0
100,GUAYABOS 1214,,1478111,1214,,,,,,,,42,,,8.4,-0.4,19.1,28.2,30.3,43.6,3.8,2.7,1.87,0.23,0.4,S/D,81,83,0
101,PINGUELA PAYADOR 2712,,1479526,2712,,,,,,,,10,,,6.1,-0.1,15.4,29.8,35.9,35.1,4,7.7,0.84,0.23,0.7,S/D,86,129,0
102,Ancares Cien Cien 28,,1479908,9052,,,,,,,,87,,,3.7,0.8,20.4,38.7,41.7,21.6,3,13.7,3.68,0.23,1.1,S/D,148,156,0
103,D.R. S.SALVADOR GBIFE-122/6,,1479921,259,,,,,,,,13,,,-2.1,1.7,23.1,38.9,44.5,38.9,-4,8.2,3.74,0.23,0.9,S/D,129,144,0
104,BURU RAFAEL 6674 - DURANGO,,1480090,506,,,,,,,,28,,,5.3,0.5,20.9,30.8,33.1,28.6,4.7,12.3,1.48,0.48,0.7,98.6,138,109,0
105,PRINCIPIANTE BIFE ANCHO 7,,1480552,1527,,,,,,,,47,,,-1.3,1.7,22.5,37.4,36.2,36.3,-0.4,11.7,2.71,0.23,0.5,101.6,138,116,0
106,G.M. DAMIANI 14/4,,1481041,4036,,,,,,,,29,,,-3.8,2.4,20,36.2,35.1,34.7,-1.1,5.9,1.42,0.23,0.6,S/D,105,128,0
107,G.M. PAVAROTTI 31,,1481065,4060,,,,,,,,118,,,-1.6,2.1,26.9,45.9,52.5,45.3,0.2,6.4,1.48,0.23,1.7,96.4,144,144,0
108,CEIBAL CL1Domino 955-02,,1481100,8657,,,,,,,,22,,,1.9,0.9,18.8,34.3,39.6,37.9,1.6,14.3,1.87,0.23,1.8,S/D,133,116,0
109,CEIBAL CL1Domino 955-08,,1481119,8676,,,,,,,,27,,,4.7,0.7,23.5,41.5,45.9,41.4,2.7,12.7,4.77,-0.03,1,101.7,146,134,0
110,SENRI BOGART 43-1414(OCTAVIO/1119)12,,1481523,1857,,,,,,,,18,,,-6.1,2.7,26.7,41.9,45.5,43.4,-2,9.9,3.87,-0.28,0.8,S/D,151,132,0
111,SENRI ABSOLUTE 1-1194(543/201)12,,1481526,1860,,,,,,,,9,,,3.7,1,21.5,35.1,38.9,45.7,1.6,7.4,1.29,-0.53,0.5,S/D,110,109,0
112,PIQUILLIN HARLAND 54,,1481541,54,,,,,,,,19,,,1.4,1.9,23.6,41.3,42.1,42.1,-0.4,9.9,1.61,0.23,1.6,105,140,114,0
113,Ancares Jack Daniels 1,,1481582,9077,,,,,,,,36,,,-3,1.9,21.9,35.1,46.4,39.6,0,11.3,2.65,1.24,1.3,S/D,135,156,0
114,Ancares CL1 955 1,,1481591,9086,,,,,,,,17,,,3.5,0.9,22.2,36.4,48,40.7,2.6,13.8,3.68,0.48,1.2,S/D,145,149,0
115,Ancares Barba Roja 7,,1481644,9139,,,,,,,,59,,,-3.3,2,19.8,34.8,39.1,41.4,-0.2,3.8,2.97,0.48,0.5,98.1,91,140,0
116,SATUR MASBIFE 4341,,1481818,4341,,,,,,,,42,,,-0.1,2,30.6,49.2,49.5,56.8,1.1,5.4,5.1,-0.03,0.9,S/D,148,114,0
117,SATUR GRANBIFE 4331 TE,,1481841,4331,,,,,,,,106,,,6.7,0.3,22.4,34.4,31.6,24,1.7,8.7,3.68,0.23,0.7,108.2,137,104,0
118,G.M. LUCIFER 74,,1481902,4094,,,,,,,,34,,,2.5,1.5,23,38.1,45.2,52.7,2.8,6.5,1.81,0.74,0.9,S/D,112,128,0
119,G.M. LUCIFER 75,,1481904,4096,,,,,,,,69,,,4.9,0.9,17.6,30.7,37.6,35.7,4.2,7.8,-0.26,-0.03,1.1,94.7,101,125,0
120,AZUL ROGER 2927,,1481951,2927,,,,,,,,95,,,-5.8,2.6,23.9,41.1,41.9,46.3,-3.6,7.2,3.42,0.23,0.8,S/D,124,126,0
121,AZUL SATANICO 2954,,1481982,2954,,,,,,,,31,,,-7.2,3,17.5,37.2,33.8,38.1,-2.9,5.3,1.94,0.23,0.7,102.6,87,131,0
122,AZUL LATIGO 2970,,1481998,2970,,,,,,,,126,,,-4.2,2.4,16.4,30.9,31.6,41.2,-2.2,6.5,1.03,0.23,0.6,S/D,82,116,0
123,PRINCIPIANTE ANCARES 8541-25,,1482082,1595,,,,,,,,93,,,2,0.8,24.4,38.5,52.6,46.6,1.9,9.8,2.71,0.23,1.3,S/D,139,149,0
124,S.E. ABSOLUTE ROCKY,,1482133,2591,,,,,,,,48,,,5.7,1,22.4,37.6,41.7,57.6,4.4,7.2,1.35,-0.28,1,S/D,108,94,0
125,A�A�A?A�U-PORA MUSTANG/2785/12,,1482581,4702,,,,,,,,51,,,-0.2,1.4,21.9,37.1,38.2,32,-0.3,7.7,2.65,0.23,0.6,S/D,124,132,0
126,M PANCHO AZUL BIFEANCHO 30,,1482615,30,,,,,,,,7,,,0,1.2,18.7,31.4,33.8,34.6,0,8.3,1.61,-0.03,0.8,S/D,108,114,0
127,BAQUEANO ADVANCE 5212-14,,1482631,11186,,,,,,,,52,,,0.6,2.4,29.5,44,49.5,48.4,3.6,15.7,2.39,0.48,1.4,S/D,187,121,0
128,BAQUEANO DOMINO 955-4,,1482689,11244,,,,,,,,63,,,-8.9,3.4,29.6,46.2,50.8,50.3,-3.7,12.3,3.35,-0.03,0.7,S/D,170,140,0
129,Ceibal 3461 - 21,,1482779,8696,,,,,,,,41,,,5.4,0.5,18,34.5,39.1,45.7,3.9,11.6,2.45,-0.03,1.1,S/D,109,114,0
130,Ceibal 8211 - 06,,1482832,8749,,,,,,,,62,,,-4.8,2.2,20.2,32.7,44.5,53.7,-1.6,8.2,0.65,-0.03,0.7,S/D,101,134,0
131,LA LUCHA 1716 ROGER,,1482888,1716,,,,,,,,0,,,-3,2,25.2,39.9,42.3,58.1,-3.4,4.2,3.1,0.48,0.3,S/D,109,112,0
132,CAL 530,,1483216,530,,,,,,,,55,,,-2.2,2.2,26.1,43.6,44,52.5,1.5,6.3,2.32,-0.03,1.3,S/D,131,105,0
133,HORMIGA HAKA 3,,1483770,621,,,,,,,,40,,,-3,2.3,21.3,34.7,36.7,41.4,-0.9,8.3,3.03,-0.03,0.4,107.8,114,121,0
134,HORMIGA CU.TOTA�A�A?A? 6,,1483797,648,,,,,,,,29,,,0.6,1.6,14.2,31.8,38.1,37.1,1,10,0.45,-0.53,0.5,S/D,85,148,0
135,HORMIGA LUCIFER 3734. 1,,1483822,673,,,,,,,,58,,,0.8,1.7,17,34.6,36,42,2.5,6.8,0.77,0.48,0.6,S/D,86,129,0
136,RDA BENNETT OPTIMUM WON/2738/12,,1484170,3907,,,,,,,,58,,,-8.2,3.4,29.2,43.9,43.9,46.6,-5.1,10.1,2.58,-0.03,1.1,100.5,165,110,0
137,ZERCA SHF WONDER 9,,1484388,13521,,,,,,,,52,,G,4.1,1.2,26.7,44.6,46.1,56.2,2.9,8.8,1.03,0.48,1.3,97.1,141,100,0
138,ZERCA SHF WONDER 18,,1484412,13546,,,,,,,,26,,,7.3,0.2,20.4,35.2,38.3,36.2,3.9,8.9,1.48,1.24,0.5,99.4,116,131,0
139,ZERCA SHF WONDER 19,,1484413,13547,,,,,,,,119,,G,-4.6,3.3,26.8,41.1,39.6,48.1,-1.6,10.4,2.97,-0.03,1.4,96.6,153,94,0
140,ZERCA SHF WONDER 20,,1484415,13549,,,,,,,,26,,,-3.5,2.2,25.1,45,45.8,43.1,-1.4,9.2,1.35,0.48,0.8,S/D,140,139,0
141,panar panar,,1484703,3098,,,,,,,,22,,,-1,1.7,21.2,35.5,41.4,49.6,-2.4,8.1,1.48,0.23,0.7,S/D,109,122,0
142,GARZON A�A�A?A�UPORA 3891/722,,1485238,722,,,,,,,,13,,,-2.3,1.7,24.4,40.9,47.1,36.4,-3.7,11,2.9,-0.03,0.6,S/D,146,154,0
143,SENRI A.TIME 33-1405(DRTGA�A�A?A�ON/875)12,,1485596,1902,,,,,,,,36,,,-1.8,2,23.7,38.6,41.8,49.5,-1.6,9.9,2.84,-0.28,0.2,S/D,126,121,0
144,SENRI PATRICIO 26-1623(DA�A�A?A�ON/689)12,,1485620,1927,,,,,,,,5,,,-2.3,1.9,25.4,39.1,49.4,48.2,1.9,10.4,2,-0.03,0.7,S/D,141,142,0
145,SANTA MAGDALENA STOCKER,,1485761,962,,,,,,,,95,,,0.3,1.6,26,43.3,48.4,47.6,-1.5,10.5,4.84,0.74,0.7,S/D,146,143,0
146,C.B. BOGART 2,,1485885,1203,,,,,,,,8,,,0.2,1.5,26.7,41.9,50.6,45.7,1.8,7.2,3.35,0.48,1.3,S/D,143,141,0
147,JUCAMOR CORNETA 2,,1485933,972,,,,,,,,60,,,-0.7,2.4,28.5,46.9,52.5,56,-2.7,8.4,3.23,0.23,0.7,S/D,146,140,0
148,G.M. MANDING 13/22/8,,1486112,4164,,,,,,,,30,,,-0.3,2,18.2,33.9,38.5,44.8,3.6,3.4,1.81,0.74,0.6,90.2,78,138,0
149,Isla Rainman 13,,1486172,7705,,,,,,,,96,,,4.6,1,19.8,35.2,34.8,45.4,-1.4,7.8,2.39,0.48,0.7,S/D,103,103,0
150,TIENTO 4R-5,,1487012,192,,,,,,,,55,,G,3.7,0.3,23,39.7,53.7,54.2,3.8,11.5,4.32,0.23,1,95.7,130,151,0
151,TIENTO 3509-17,,1487018,198,,,,,,,,68,,G,2.6,1.8,21.4,35.7,41.1,36.2,-0.7,8.8,1.81,0.48,1.3,107.8,126,133,0
152,TIENTO 4006-9,,1487025,205,,,,,,,,68,,G,0.4,2,23.8,37.1,43.1,42.8,-0.5,10.5,1.16,-0.03,0.3,104.6,134,134,0
153,Ancares Cien Cien 38,,1487053,9174,,,,,,,,74,,,3.1,0.6,15.8,32.2,37,26.5,2.8,13.9,1.87,0.99,1.3,S/D,121,144,0
154,Ancares Barba Roja 19,,1487127,9249,,,,,,,,84,,G,-1.9,2.9,27.1,44.9,57,55.2,0.2,6.8,3.42,-0.03,0.6,95.9,132,171,0
155,SANCLA ANHINGA 2/5,,1487209,3014,,,,,,,,42,,,-6.8,3.1,21.9,38,41,47.8,-5.5,7.3,2.52,-0.28,0.6,S/D,111,129,0
156,SEDU ROGER 1,,1487373,7291,,,,,,,,25,,,-5,2.1,25,42,54.2,63.3,-5.7,3.1,3.55,0.48,0.6,S/D,102,155,0
157,LOS TILOS 2108,,1488857,2108,,,,,,,,30,,,-6.1,2.9,26.9,42,44.7,45.5,-3.4,8,1.94,-0.03,0.5,S/D,142,130,0
158,ORCSEN 265XR.EYE,,1488949,395,,,,,,,,40,,,-5.9,2.9,28.9,43.4,49.6,43.1,-3.4,11.5,3.16,-0.53,1,111.3,170,137,0
159,DOA�A�A?A�A ADELA LOCKN LOAD 119,,1489429,119,,,,,,,,78,,,4.4,0.2,13.7,29.3,41.5,46.9,4.9,12.2,3.94,1.24,0.9,S/D,86,151,0
160,MONTECORAL 2184 WRANGLER GRAN BIFE,,1490028,2474,,,,,,,,33,,,-2.6,2,23.1,34.7,38.3,33.9,-2.9,10.3,3.35,-0.03,1.3,S/D,143,116,0
161,SATUR PODEROSO 4386 TE.,,1490375,4386,,,,,,,,93,,,-0.1,1.6,20.7,38.9,40.2,33.6,-1.7,9.3,2.45,-0.28,1,106.2,124,134,0
162,CHAA�A�A?A�AR VICTOR 719T 1 3228,,1490469,3228,,,,,,,,5,,,0.3,1.6,25.1,43.8,45.4,38.6,-2,12.4,3.23,-0.03,1.5,S/D,159,126,0
163,CHAA�A�A?A�AR WONDER 9 3230,,1490471,3230,,,,,,,,59,,,3.5,0.7,17.6,36,37.7,44,0.8,11.1,2.32,0.74,1,103.1,106,120,0
164,CHAA�A�A?A�AR XEROX 20X 1 3232,,1490473,3232,,,,,,,,61,,,4.7,0.8,26.9,47.4,51.8,56.5,1.5,10.2,4.9,0.48,1.3,98.8,147,126,0
165,D.R. S. Salvador G.BIFE-122/18,,1490810,316,,,,,,,,18,,,3.3,0.7,19.1,33.1,39.3,34.4,-1.2,7.9,3.16,0.48,1,S/D,110,136,0
166,Ancares Jack Daniels 28,,1491099,9279,,,,,,,,25,,,-4.7,2.3,25.7,37,41.4,44,-1.2,10.1,3.61,0.74,1,S/D,147,117,0
167,ZERCA CL1 DOMINO 955W 3,,1491414,13735,,,,,,,,9,,G,2.2,1.1,22,41.7,48.6,50.2,2.2,12.2,4.71,-0.03,1,104.9,130,142,0
168,LC KAMICAZE DILLON,,1491447,1993,,,,,,,,16,,,2.4,1.3,20.8,30.4,29.9,44.9,0.9,7.2,1.42,-0.03,0.2,S/D,104,83,0
169,LC KAMIKAZE LASO,,1491461,2007,,,,,,,,0,,,-3.6,2.1,25.6,37,37,51.2,-1.4,10.5,3.55,-0.28,0.7,S/D,141,83,0
170,ABROJAL WONDER 92,,1491487,92,,,,,,,,0,#,,3.3,1.3,22.5,36.4,37.1,38.7,2.7,10.2,2.225,0.355,1.1,S/D,134,106,0
171,ADELAIDA GOLD/8048,,1491675,8048,,,,,,,,63,,,-3.4,3,34,48.4,47.9,55.3,-1,3.9,3.35,-0.28,0.9,S/D,162,99,0
172,LC BOGART RUIBARBO,,1491799,2025,,,,,,,,0,,,0.1,1.6,26.7,41.6,46.1,45.2,2.3,9.5,3.23,-0.03,1,S/D,150,122,0
173,LC REVOLUTION ESTRAPERLO,,1491803,2029,,,,,,,,7,,,12.1,-0.5,20.9,34.7,40.5,42.2,7.3,8.9,3.68,0.48,1,S/D,118,115,0
174,CARACA�A�A?A?A?A? CAUDILLO 3504,,1492081,3504,,,,,,,,39,,G,6.8,1.3,23.4,39.2,45.5,42,0.3,4.9,1.55,0.74,1.1,105.5,118,140,0
175,PINGO VIEJO FORK BOOMER 2686-2013,,1492162,4957,,,,,,,,15,,,2.2,1.5,20.6,36.7,37.9,42.8,-4,7.7,1.74,-0.03,0.1,S/D,106,125,0
176,V CH REV 15-13,,1492214,7413,,,,,,,,53,,G,7.6,0.9,18.2,31,40.3,36.2,4.7,8.3,2.06,0.48,0.7,91.2,103,146,0
177,CAL 577,,1492361,577,,,,,,,,7,,G,-5.5,3.1,30.3,52.9,43.1,42.3,-2,8,2.84,-0.28,1.8,94.4,171,96,0
178,C DEL T COCO 3 WONDER,,1492366,556,,,,,,,,18,,G,9.6,0.5,20.8,34.2,24.3,35,2.8,9,1.81,0.48,1.1,99.1,123,57,0
179,PIQUILLIN TRUST 69,,1492370,69,,,,,,,,6,,G,4.8,1.3,27.8,45.9,43.2,52.2,6.6,11.8,3.03,0.48,1.1,88.5,159,93,0
180,G.M. 955 7,,1492429,4201,,,,,,,,94,,,-0.4,1.8,26.4,42.8,55.3,51.6,-0.3,14.8,4.84,0.48,0.5,S/D,159,167,0
181,santa ines 9660 mr. hereford,,1492479,9660,,,,,,,,99,,,0.6,1.5,23.6,37.7,38.1,34.8,-3.3,11.5,2.65,0.23,0.3,103.8,143,124,0
182,Ceibal Domino955 -15,,1492525,8816,,,,,,,,38,,,-1.5,1.8,28,44.7,46,48.9,-0.7,13.3,4,-0.79,0.9,S/D,167,108,0
183,VICTORIANO ABSOLUTE-809-7,,1492641,809,,,,,,,,8,,,4.2,1.1,25.5,38.3,40.2,49.8,2.7,6.6,3.16,-0.28,0.8,S/D,128,93,0
184,VICTORIANO ABSOLUTE-812-8,,1492644,812,,,,,,,,9,,,5.3,1.3,25.9,40.5,40.6,50.7,3.1,6.4,1.94,-0.28,0.9,S/D,129,91,0
185,AZUL ROGER - 3060,,1492877,3060,,,,,,,,43,,,0.7,1.4,20.8,37,39,50.9,-0.7,6.6,1.94,0.48,0.5,S/D,99,115,0
186,AZUL ROGER - 3062,,1492879,3062,,,,,,,,41,,,-2.4,2,24.8,38.8,42,49.8,-2.2,3.6,3.03,0.48,0.9,S/D,114,115,0
187,AZUL WONDER - 3068,,1492885,3068,,,,,,,,31,,,1.2,1.5,24.5,40.7,44.2,43.1,0.3,9,2.39,0.48,1.6,103.8,141,119,0
188,ALBORADA FORC BOOMER 7873,,1493047,8061,,,,,,,,55,,,0.4,1.7,22.3,38.8,43.3,47.9,-1.6,8,2.77,-0.79,0.8,S/D,117,122,0
189,ALBORADA WONDER 5,,1493064,8079,,,,,,,,60,,,-2.7,2.3,29.7,46.8,48.2,49.4,-0.2,7.8,2.84,0.23,1.4,S/D,159,115,0
190,LARRAA�A�A?A�AGA VISIONARIO 1,,1493184,4281,,,,,,,,49,,G,7.3,0.7,25.3,42.3,46,43.2,2.7,13.5,3.35,-0.28,1.1,105,158,119,0
191,LARRAA�A�A?A�AGA WONDER 1 TE,,1493194,4291,,,,,,,,81,,G,13.1,0,20.4,35.7,40.7,40,7.3,10.9,2.26,0.23,1.3,88.7,126,115,0
192,GUAYABOS 1335,,1493276,1335,,,,,,,,42,,,5,0.4,23,37.6,38.5,39.5,2.3,7.3,3.48,0.23,0.7,S/D,124,111,0
193,HORMIGA PAVAROTTI 4,,1493305,695,,,,,,,,78,,,-6.6,3.1,26.8,45.7,52.8,53.8,-4.1,6.5,1.94,-0.28,1,99.7,133,148,0
194,HORMIGA COCOA 2,,1493313,703,,,,,,,,39,,,2.4,1.1,22.1,31.8,38.4,59.1,0.7,3.8,1.48,-0.03,0.6,96.6,91,89,0
195,HORMIGA HAKA 42,,1493370,760,,,,,,,,17,,,5.9,0.7,21.8,34.4,42.9,44.5,3.2,9.5,2.26,-0.28,0.5,S/D,120,127,0
196,Ancares Barba Roja 24,,1493385,9293,,,,,,,,36,,,-3.8,2,24.1,38.6,46.4,46.3,-1.3,5,4.06,0.48,0.7,S/D,117,147,0
197,ABROJAL BOOMER 127 TE,,1493576,127,,,,,,,,0,,,0.3,1.8,21.3,35.2,36.2,48.7,-0.8,7.9,2.52,-0.03,0.8,S/D,110,99,0
198,Ceibal 8415 -13,,1493623,8933,,,,,,,,23,,,6.1,0.3,17.9,31,39.2,34.9,3.9,6.4,1.94,0.74,0.8,S/D,96,141,0
199,PINGUELA OMELLETTE 2905,,1493655,2905,,,,,,,,3,,,5.1,0.7,18.3,31.5,34.2,43,3.6,8.1,2.45,0.23,0.9,S/D,99,103,0
200,CIPA CEBOLLATI REVOLUTION 6240,,1493770,6240,,,,,,,,22,,G,2.7,1.8,30.9,45.7,53.2,54.9,2.7,9.1,4,0.99,1.4,85.8,167,127,0
201,RDA REVOLUTION VISION REV/2558/13,,1493883,4094,,,,,,,,24,,,-0.8,2,25.9,47.5,48.2,51.5,0.5,8.2,4.65,0.23,0.9,S/D,135,134,0
202,SANCLA REVOLUTION 3,,1494056,3168,,,,,,,,77,,,-0.2,1.9,25.6,41.3,46.4,45.8,0.5,9.2,3.74,0.48,0.8,S/D,141,137,0
203,PINGO VIEJO MANO BLANCA 5905-4329-13,,1494159,4993,,,,,,,,20,,,-0.3,1.3,19.3,37.6,41.7,44.5,-1.1,11.8,2.45,-0.03,1.1,103.5,118,127,0
204,CHAA�A�A?A�AR VICTOR 719T 3 3266,,1494230,3266,,,,,,,,46,,,6.4,0.8,26.4,44.1,53.5,45.5,2.2,13,4.13,-0.03,1,102.9,160,150,0
205,CHAA�A�A?A�AR DOMINO955W 10 3271,,1494235,3271,,,,,,,,233,,,2.8,1.1,26.2,46.7,51.6,51.8,2,12.8,4.32,0.74,1.1,99.7,155,139,0
206,CHAA�A�A?A�AR REVOLUTION 31 3281,,1494245,3281,,,,,,,,30,,,-1,1.9,32,48.4,55.3,59.1,2,10.9,5.48,0.48,0.9,93.9,173,131,0
207,TORDO CEIBAL 7507,,1494362,7507,,,,,,,,56,,,5.5,0.4,14.2,20.2,22.5,31,2.9,13.9,0.65,0.48,0.3,S/D,102,88,0
208,TORDO ST INES G BIFE 7564,,1494418,7564,,,,,,,,86,,,10.9,-0.6,15.3,31.7,41.6,32.1,4.9,7.9,2,0.74,0.8,S/D,90,159,0
209,MONTE VISIONARY,,1494645,554,,,,,,,,28,,,6.5,0.3,20,33.2,37,35,2.1,10,1.61,-0.28,0.5,S/D,119,118,0
210,ZERCA SHF WONDER 44,,1494687,13751,,,,,,,,12,,,10.1,0,23,35.2,41.8,45.3,5.5,9.5,2.77,0.23,1.2,S/D,131,105,0
211,ZERCA SHF WONDER 52,,1494717,13769,,,,,,,,150,,G,3.4,0.9,21.3,39.9,42.5,40.6,2.2,11,3.68,0.48,1.2,93.8,130,130,0
212,G.M. PAVAROTTI 67,,1494941,4224,,,,,,,,39,,,-2.6,2,18.5,34.4,39,30.5,-0.8,5.5,0.97,-0.03,1.1,S/D,101,145,0
213,G.M. PAVAROTTI 79,,1494996,4280,,,,,,,,28,,,1.9,1.5,18.3,33.8,35.2,34.7,1,5.8,0.58,0.23,0.3,S/D,93,133,0
214,paraiso duchess 264,,1495103,11009,,,,,,,,0,,,-1.8,1.7,21.4,34.1,35.5,40.8,-0.6,7.2,1.03,-0.28,0.5,S/D,112,107,0
215,paraiso lucifer.6,,1495114,11020,,,,,,,,29,,,-2.4,2.2,21.1,36.3,43.3,38,0.3,5.4,3.29,-0.28,1,S/D,109,147,0
216,paraiso lucifer.8,,1495127,11035,,,,,,,,101,,G,3.4,1.5,21.7,40.6,46.5,39.6,1.9,6.2,4.32,0.23,0.4,98.1,111,165,0
217,O.G.A. VICTOR 719T - VIC 94 - 296,,1495218,296,,,,,,,,19,,,0.3,1.3,25.1,38.9,41.9,32.7,-3.8,10.6,1.87,-0.03,1.1,98.8,155,123,0
218,O.G.A. STOCKM. 49 - FELT. OZZIE 48 - 301,,1495223,301,,,,,,,,36,,G,4.8,1.2,21.6,34,36.9,42.1,2.3,9.8,2.77,0.74,1,91.6,125,108,0
219,BAQUEANO DOMINO 10178-17,,1495415,11527,,,,,,,,36,,,-5.2,2.3,26.3,36,46.4,51.2,0,8.3,3.03,0.23,1,S/D,139,123,0
220,Tangarupa Hummer 1638,,1495508,2138,,,,,,,,17,,G,2.1,1.7,20.5,25.5,32.1,36.2,0.8,11.3,1.94,0.48,0.4,94.9,125,108,0
221,panar cocoa,,1495581,3131,,,,,,,,27,,,-2,2.1,20.2,32.5,35.7,44.6,-3.2,3.4,1.74,-0.03,1,S/D,92,107,0
222,RINCON DF TORDOPORA BOOMER 976,,1495707,976,,,,,,,,22,,,8.1,0.4,18.6,32.7,33.4,34.8,1.3,7.4,1.94,-0.03,1,S/D,105,104,0
223,LA PALMA TORDO 31,,1495795,1251,,,,,,,,14,,,-1.6,1.9,22.6,39,38.2,45.5,-0.7,8.2,3.1,0.23,0.7,S/D,120,112,0
224,Orcsen 258x187,,1496365,449,,,,,,,,18,,G,2.5,1.9,27.1,40.9,49.6,47.1,0.1,6.2,1.68,-0.28,1.1,102.2,139,132,0
225,VICHADERO VISIONARY 1281,,1496414,1281,,,,,,,,19,,G,2,1.4,22.7,37.8,39.8,37.2,-0.8,13.3,1.68,-0.28,0.7,107.4,145,119,0
226,Isla Caudillo 3,,1496485,7834,,,,,,,,73,,,-0.9,1.8,17.8,37.6,42.5,46.9,-4,8,2,0.74,0.1,S/D,88,158,0
227,O.G.A. DIAMOND 179 - FELTONS 43 - 346,,1496594,346,,,,,,,,30,,,-2.5,2.4,27.3,44.8,44.1,49.7,-1.4,7.7,2.19,-0.28,1.4,S/D,145,102,0
228,Guaycuru Wonder - 2853,,1496930,2853,,,,,,,,27,,,2,1.6,26.2,42.1,47.5,43.7,1.2,9.4,2.77,0.23,1.4,S/D,150,128,0
229,San Miguel Rocky 12-17,,1496984,1375,,,,,,,,26,,,-2.5,1.9,22.3,38.8,41.4,46.5,-0.4,2.8,2.77,-0.79,0.9,S/D,100,118,0
230,San Miguel Haka 3,,1497008,1399,,,,,,,,29,,,0,1.8,20.3,33.4,31.3,35.3,0.9,9.2,1.42,-0.79,0.9,S/D,120,92,0
231,PINGO VIEJO 3806-3654-13,,1497265,5134,,,,,,,,48,,,3.1,1,16.2,37.3,42.4,38.7,1.5,8.3,1.35,0.48,1.5,S/D,95,147,0
232,SATUR WONDER 4477 TE.,,1497438,4477,,,,,,,,32,,,7.5,-0.1,11.4,28.2,17.4,30.4,2.7,10.1,0.77,-0.53,0.2,108.5,73,70,0
233,SATUR PODEROSO 4478 TE.,,1497439,4478,,,,,,,,0,,,-1.1,1.8,21,36.3,36.6,34.4,-1.3,9.6,2.71,-0.03,0.9,S/D,126,121,0
234,Isla Lucifer 47,,1497639,7932,,,,,,,,90,,,2.4,1.3,22.3,42.5,45.7,35.9,1.1,6.7,1.42,-0.28,1.5,98.8,125,140,0
235,MATRIC 461,,1497694,461,,,,,,,,0,,,-1.5,1.8,22.5,39,41.5,44.7,-0.1,9.9,1.61,-0.28,0.6,S/D,126,123,0
236,RDA VICTOR VISION VICT/3600/13,,1497806,4262,,,,,,,,15,,G,-0.2,1.5,26.2,44.8,50.8,40.9,-3.8,11.1,3.68,-0.28,1.4,104.3,158,143,0
237,CN NOTARIO 2439,,1497941,2439,,,,,,,,0,,,0.2,1.2,20.4,32.1,33.1,40.3,-0.3,9.1,2.9,-0.28,-0.1,S/D,110,108,0
238,LAS DIVISAS VICTOR 719-5,,1498868,863,,,,,,,,13,,G,6.3,1.2,29.1,45.6,41.5,36.2,-0.9,11.6,4.45,-1.04,1.4,105.5,180,91,0
239,LOS TILOS 2237,,1499048,2237,,,,,,,,9,,,2.1,1.6,21.9,36,41.9,40.6,2,10,1.87,-0.03,1,S/D,128,127,0
240,LC REVOLUTION PREZZO,,1499198,2093,,,,,,,,7,,,4.3,1.2,25.2,41.2,41.8,42,4.6,8.3,3.1,0.74,0.7,S/D,138,121,0
241,JORSUS Z LATIMER WONDER 3,,1500042,463,,,,,,,,50,,,2.4,1.5,24.6,42.9,41.6,42.7,-0.8,11,2.26,0.23,1.7,S/D,149,103,0
242,SARIMA323,,1500771,323,,,,,,,,13,,,-4.2,2.5,20.1,34,39.7,43.8,-2,6.4,2.32,-0.28,1,S/D,103,127,0
243,LOS TILOS 2345,,1501425,2345,,,,,,,,36,,,-1.5,2,30.5,48.7,60,54,-1.6,10,4,-0.03,1,S/D,166,160,0
244,LC TRUST STRADA,,1501691,2115,,,,,,,,20,,,-1.4,1.9,23.2,41.9,42.6,49.1,2.5,11.7,3.03,-0.79,1.1,S/D,136,109,0
245,santa ines 9636 adaptado,,1502491,9736,,,,,,,,23,,,1,1.2,20.6,32,32.7,39.1,-0.7,6.9,2.84,-0.03,0.6,S/D,109,100,0
246,SATUR LAMBEAU 4520 TE,,1502521,4520,,,,,,,,26,,,6,-0.1,18.7,29.5,24,38.1,3.3,5.5,1.29,-0.03,0.3,99,92,64,0
247,SIP VISION 14,,1502570,8889,,,,,,,,31,,,8.5,0.1,23.8,39.4,48.5,45,0.8,13.7,2.84,-0.28,0.8,S/D,148,133,0
248,LA PALMA GRAN BIFE 21 TE,,1502611,1261,,,,,,,,21,,,4,1,23.6,38.2,41.7,40.7,-0.1,8,3.55,-0.03,0.8,S/D,129,122,0
249,CHAA�A�A?A�AR DOMINO 105Y 11 3331,,1502641,3331,,,,,,,,14,,,2.7,0.9,22.9,32.3,34.2,34.8,0.2,17,2.19,-0.03,0.6,S/D,161,96,0
250,Ancares Kamikaze 1-1,,1502656,9504,,,,,,,,149,,G,5.6,1.3,23.2,35.8,47.9,38.4,0.5,12.4,2.06,1.24,0.5,99.6,143,165,0
251,Ancares CL1 105 Y 3,,1502674,9524,,,,,,,,60,,G,3.1,1.1,21.5,34.7,47.4,36.7,1.2,17.1,4.13,-0.03,0.8,98.2,153,158,0
252,PINGO VIEJO TRUST/4063/14,,1502680,5200,,,,,,,,23,,,0.9,1.2,19.5,32.6,41.9,46.9,1.3,12.7,3.94,-0.53,0.7,S/D,118,127,0
253,PINGO VIEJO PUCKSTER 2784/14,,1502683,5203,,,,,,,,32,,,1.1,1.1,23.1,35.3,44.6,43.5,-0.2,5.9,3.68,0.48,1.4,S/D,121,129,0
254,LA MISION 404,,1502890,404,,,,,,,,14,,,-0.6,1.8,20.7,34.9,38.8,42.8,-0.4,8.2,2.71,-0.03,0.6,S/D,111,124,0
255,PASO DE LUGO WONDER 174 TE,,1502989,174,,,,,,,,24,,,8.7,0,18.9,34.1,37,42.6,4,8,1.35,0.23,1.5,S/D,106,98,0
256,JUCAMOR HEREDERO 14,,1503055,1046,,,,,,,,3,,,0.5,1.6,21.5,34.7,40.5,43.1,-0.2,7.8,2.97,0.48,0.8,S/D,115,128,0
257,LA PALMA PODEROSO - 10,,1503110,1304,,,,,,,,19,,,-4.8,2.5,22.5,35.8,33.2,32.5,-3.1,7.3,1.48,-0.28,0.7,S/D,126,108,0
258,MANGUERA BUCANERO 9324,,1503208,3226,,,,,,,,65,,,2.3,1.2,26.3,41.7,47.9,53.5,-0.4,3.8,2.97,0.23,1.2,92.8,122,119,0
259,SATUR LAMBEAU 4532 TE,,1503243,4532,,,,,,,,110,,,2.9,0.9,22.5,32.7,37.3,32.9,3.2,9.1,1.61,0.74,0.8,98,133,120,0
260,TROJA JOCKER 3 BIFEANCHO,,1503663,316,,,,,,,,1,,,-1.2,1.5,23.9,38.4,50.8,46.6,0,10.5,3.23,-0.03,0.9,S/D,136,153,0
261,santa ines 9816 victor,,1503700,9816,,,,,,,,31,,,5.2,1,27.8,42.4,46,42,-0.6,9.2,3.74,-0.03,1.2,S/D,158,116,0
262,Ancares Kamikaze 1-13,,1504020,9569,,,,,,,,73,,,2.8,1.1,17.8,33.8,35.6,32.3,1.5,8.6,1.35,0.48,0.6,S/D,104,134,0
263,Ancares Lucifer 4018 1,,1504025,9575,,,,,,,,18,,G,-0.5,2.5,25.9,44.5,51.5,55.8,0.9,6.8,3.23,0.48,0.8,92.4,126,148,0
264,Ancares Victor 719T 2,,1504054,9605,,,,,,,,6,,,7.7,0.4,24.8,40.1,41.1,35.3,1.5,8.8,2.45,-0.03,0.9,S/D,144,115,0
265,Ancares Lucifer 4018 3,,1504069,9622,,,,,,,,53,,G,3.4,2.2,21.4,34.7,42,48.5,2.9,6.9,2.45,-0.28,0.6,96,106,129,0
266,Ancares Lucifer 4018 8,,1504135,9688,,,,,,,,0,,,-1.2,1.7,18.2,30.3,35.2,37,0,9,1.42,-0.28,0.6,S/D,104,122,0
267,Ceibal HHAdvance1264 - 6 TE,,1504175,9041,,,,,,,,38,,,-1.4,2,25.4,35.8,41.2,50.3,2,11.2,2.65,-0.28,1.2,S/D,146,94,0
268,Ceibal Domino105y - 53,,1504201,9067,,,,,,,,20,,,4.2,0.5,15.1,28.7,36.2,26.4,1.6,16,2,0.48,0.9,S/D,122,144,0
269,Ceibal 8211 - 64,,1504242,9108,,,,,,,,10,,,-4.9,2.6,29.5,45.3,54.2,57.2,-1.6,7.2,3.29,-0.53,0.9,S/D,147,136,0
270,Ceibal 8505 -5,,1504260,9126,,,,,,,,0,,,0.3,1.5,17.5,32.1,36.9,38.9,0.7,10.3,1.48,0.48,0.3,S/D,102,138,0
271,GV YUCUTUJA,,1504346,506,,,,,,,,1,,,0.3,1.3,21,36.8,32.1,32.9,0.2,6.9,0.13,-0.03,0.9,S/D,117,98,0
272,ROLON LEGO 4,,1504379,34,,,,,,,,1,,,-3.6,2.4,26.4,39.4,35.2,51,-5.2,8.2,2.77,-0.03,0.2,S/D,134,84,0
273,V CH BINGO 1/14,,1504409,7602,,,,,,,,35,,,-1,1.9,20.3,38.7,45.4,41.8,-1.9,10.8,3.87,0.48,1,S/D,121,155,0
274,V CH LEGO 6/14,,1504420,7613,,,,,,,,9,,,3.1,1.4,27.2,39.1,41.5,48.9,-3.1,8.3,3.68,0.74,0.5,S/D,142,107,0
275,V CH BINGO 4/14,,1504423,7616,,,,,,,,161,,G,2.7,2,24.9,37.6,45.3,46.8,1.1,9,4.65,0.48,0.2,96.9,132,144,0
276,V CH 105 Y 6/14,,1504444,7637,,,,,,,,12,,,-0.2,1.7,24.1,41,50,37.1,-1.8,15.8,4.06,0.48,0.6,S/D,161,170,0
277,Isla Homegrown 2,,1504450,7956,,,,,,,,12,,,-2.9,2.3,23.2,36.2,35.6,42.4,-1.4,17.1,2.71,0.23,1.1,S/D,160,94,0
278,G.M. LUCIFER 108,,1504522,4316,,,,,,,,146,,,3.2,1.1,21.9,36.6,47.8,39,3.3,6.8,2.52,0.48,1.3,94.7,120,154,0
279,G.M. DAMIANI 3740/1,,1504523,4317,,,,,,,,11,,,1.6,1.7,20.8,35.2,29.5,32.8,2.2,9.3,0.9,-0.28,0.5,S/D,122,94,0
280,G.M. LUCIFER 112,,1504536,4330,,,,,,,,299,,,-1.5,2,24,40.5,40.1,46.4,1.3,6.4,1.29,-0.03,0.8,98.3,121,109,0
281,G.M. LUCIFER 114,,1504539,4333,,,,,,,,50,,,2.3,1.4,20.2,37.2,46.7,34.1,3.8,10.4,3.16,0.23,1.2,S/D,126,164,0
282,G.M. TRUST 5,,1504542,4336,,,,,,,,85,,,4.5,0.8,23,40.7,41.7,50.6,5.2,13.2,2.52,-0.03,1.1,S/D,139,100,0
283,G.M. 955/12,,1504544,4338,,,,,,,,22,,,2.2,1,22.5,31.8,41.1,46.3,1.7,12.9,3.81,-0.03,0.8,S/D,137,113,0
284,G.M. TRUST 6,,1504554,4348,,,,,,,,65,,G,5.5,1.3,20.4,34.7,43.9,50.9,5.5,13.2,2.52,-0.79,1,88.8,124,119,0
285,SATUR KAMIKAZE 4568,,1504672,4568,,,,,,,,22,,,3.5,1.2,23.6,42.7,45.5,41,0.4,9.6,1.87,-0.03,0.9,S/D,135,135,0
286,SATUR S.4290 CAUDILLO 4590,,1504694,4590,,,,,,,,49,,,-0.4,1.7,15.6,26.4,26.6,43.4,-0.2,7.8,1.42,-0.28,0.7,S/D,81,84,0
287,MMCC HOMETHOWN 8576 T.E.,,1504728,8576,,,,,,,,24,,,6.9,0.7,19.3,38.9,45.9,48.1,-0.9,11.3,3.23,0.74,1.4,100.2,115,139,0
288,ATALIBA ROGER 291,,1505079,291,,,,,,,,32,,,-1.8,1.7,24.6,40.1,46,47.7,-2.2,6.7,4.58,0.74,0.5,102.9,123,143,0
289,Orcsen 353xDon Pig.,,1505177,495,,,,,,,,0,,,0,1.3,22.2,37.2,42.3,36.4,0.7,9.8,3.16,0.48,1.4,S/D,135,131,0
290,Orcsen 370xRevolution,,1505180,498,,,,,,,,24,,,-1.1,1.5,18.2,32,37.1,32.2,1,9.5,2.77,0.74,1,S/D,112,139,0
291,Orcsen 336x258,,1505216,534,,,,,,,,13,,,-1.4,1.5,25,40.4,46.8,49.7,-0.2,6.5,4.45,-0.03,1.3,S/D,128,124,0
292,ZERCA LAMBEAU 1,,1505240,13999,,,,,,,,67,,,3.7,0.9,26.2,45,51.6,42.1,2.8,8.7,2.65,0.74,0.8,S/D,145,157,0
293,ZERCA DURANGO 6,,1505266,14025,,,,,,,,61,,G,6.2,1,22.3,39.7,44.6,31.1,4.3,13.2,1.87,-0.28,1.3,96.3,151,140,0
294,ZERCA DURANGO 9,,1505302,14061,,,,,,,,39,,,2.7,1,23.5,36.4,42,30.3,2.9,12.7,1.87,-0.03,1,S/D,154,131,0
295,ZERCA DOC DOTOR 30,,1505335,14095,,,,,,,,0,,,-1.8,2.5,24.6,40.9,45.6,48.4,-0.6,6.8,1.94,0.23,0.5,S/D,123,139,0
296,LC HOME HIBON,,1505413,2202,,,,,,,,16,,,6.7,0.3,19.1,32.1,34,35.1,4.2,14.6,2.45,0.74,0.9,S/D,133,108,0
297,D.R. Hormiga Roger-159/7,,1505455,360,,,,,,,,6,,,-6.1,2.8,26.3,41.5,46.2,49.4,-5.2,5.9,2.84,0.48,0.8,S/D,130,134,0
298,SI EDISTO NT 02TE,,1505477,2,,,,,,,,6,,,4.5,0.8,19,31.3,28.6,41.3,2.3,4.8,1.23,0.48,0.4,S/D,89,87,0
299,ROLON LEGO 6,,1505737,36,,,,,,,,22,,,-2,2.7,29.5,47.5,52.5,59.8,-4.7,7.5,3.68,-0.03,1,98.5,147,127,0
300,ERC VICTOR SUCESOR 91,,1505864,91,,,,,,,,11,,G,7.4,0.2,29.4,43.3,49.4,47.5,1,9.7,3.16,-0.53,1.1,98,164,108,0
301,CARACA�A�A?A?A?A? WONDER 3654,,1506027,3654,,,,,,,,17,,G,4.4,0.9,21.2,34.6,42.9,38.9,3.2,11.7,1.68,0.48,1.6,100.4,135,126,0
302,HORMIGA GARDEL 12,,1506138,805,,,,,,,,5,,,-0.7,2,19.5,35.1,33.5,46.5,-1.6,5.4,2.84,0.23,0.9,101.8,93,100,0
303,HORMIGA INVICTUS 2,,1506141,808,,,,,,,,9,,,-2.9,1.9,24.5,36.9,45,54.7,-2.3,7.5,3.23,0.48,0.5,S/D,120,126,0
304,HORMIGA CU?ADO,,1506162,830,,,,,,,,2,,,4,0.9,17.8,34,40.1,48.7,2.7,8.8,1.81,-0.28,0.9,S/D,95,119,0
305,HORMIGA CUA�A�A?A�ADO 15,,1506166,834,,,,,,,,9,,,1.7,1,18.6,35.8,47.1,44.2,0.7,11.7,2.52,0.48,0.9,S/D,113,159,0
306,CHAA�A�A?A�AR XEROX 20X 10 3361,,1506263,3361,,,,,,,,69,,,-0.1,1.6,26.5,46.4,58.3,46.5,2.4,10.9,3.55,-0.28,0.9,97.6,152,175,0
307,CHAA�A�A?A�AR CENTURION 2 3362,,1506264,3362,,,,,,,,47,,,-2.4,2,28.3,42.6,52.4,49.1,-1.1,10.4,3.29,0.48,1.8,S/D,164,132,0
308,TAURINO HOMETOWN 2853,,1506470,2853,,,,,,,,19,,,4.7,1.3,22.3,40.3,47.4,51.4,-0.9,12.6,2.84,0.74,0.4,S/D,128,146,0
309,TAURINO HOMETOWN 2858,,1506475,2858,,,,,,,,70,,G,10.9,0.2,20.5,29.9,34.5,48.8,0.5,13,0.19,-0.03,1.3,97.6,127,70,0
310,Larr.Bogart 5,,1506558,4386,,,,,,,,41,,G,-0.9,1.7,26.4,39,44.8,48.5,2.2,9.9,3.81,-0.28,0.7,93.6,145,117,0
311,RDA HOMETOWN DURANGO HOM/3653/14,,1506904,4326,,,,,,,,9,,G,12,-0.2,20.1,34.9,45.1,42,2.4,13.9,3.03,0.74,1.1,99.5,132,138,0
312,RDA HOMETOWN SCHULAR HOM/3481/14,,1506920,4342,,,,,,,,7,,G,7.6,0.8,22.7,35.4,46.7,52.7,0.8,11.8,1.42,0.23,1.3,93.5,132,118,0
313,MAZANGANO HOMEGROWN 3,,1506936,617,,,,,,,,50,,,10.2,-0.6,22.4,35.4,38.5,39.5,5.1,15.4,3.29,0.74,0.9,S/D,151,103,0
314,FERNANDINO TRUST 1674,,1507001,1674,,,,,,,,37,,,-0.9,1.7,24.2,46.5,54.1,48.5,2.2,12.8,4.45,-0.28,0.9,S/D,145,163,0
315,TORDO WONDER 7896,,1507049,7896,,,,,,,,58,,,10.1,-0.3,13.2,36.9,41.1,35.2,4.9,12.1,1.48,0.74,1.5,S/D,95,149,0
316,paraiso dinero 3669.40,,1507196,11216,,,,,,,,28,,,6.2,0.4,27.5,44.5,42.3,52.8,3.9,11.5,4.19,0.74,0.7,S/D,154,93,0
317,panar h,,1507253,3187,,,,,,,,4,,,2.3,1.4,20.3,34.1,35.1,41,0.7,8.9,1.68,-0.28,0.8,S/D,114,103,0
318,RINCON DF WONDER REVOLUTION 1038,,1507522,1038,,,,,,,,29,,,-0.8,1.7,21.9,39.6,45.5,36.7,-0.2,11.4,3.03,0.48,1.7,S/D,140,144,0
319,G.M. MOLER 3908/3,,1507644,4358,,,,,,,,26,,G,9,1.3,16,35,31.5,29.6,5.5,8.8,0.65,0.23,0.4,87.6,96,128,0
320,LA MISION 428,,1507766,428,,,,,,,,16,,,0.9,1.1,23.8,37.1,45.8,38.5,-1.8,9.3,2.52,-0.28,1.2,S/D,139,134,0
321,BAQUEANO DOMINO 10912-3,,1507792,11627,,,,,,,,34,,,-3.6,2.2,22,32.5,43.3,42.7,-0.1,12.5,2.9,-0.03,0.7,S/D,134,139,0
322,S.M. 815,,1507920,1163,,,,,,,,21,,,-4,2.8,29.4,45.4,48.8,39.4,-2.1,7.2,2.9,0.48,0.8,S/D,159,148,0
323,GARZON HOMEGROWN 879,,1508203,879,,,,,,,,9,,,-2.7,2,22.1,41.9,48.2,36.5,-0.6,13.9,4.19,0.48,1.3,98,148,163,0
324,S.E. SIP REVOLUTION RECORD,,1508289,2920,,,,,,,,57,,,3.6,1.2,23.1,41.4,45.8,47.7,1.3,9.8,2.58,0.48,0.7,S/D,127,136,0
325,PASO DE LUGO WONDER 200 TE,,1508489,200,,,,,,,,10,,,2.1,1.2,21.4,39.6,40.9,45.5,1.3,9.6,1.61,0.48,1.6,S/D,124,109,0
326,URUGUAY,,1508591,2827,,,,,,,,28,,G,2.6,1,25.7,44.5,57.8,61,3.3,11.7,3.68,-0.79,1.7,92.4,145,135,0
327,URUGUAY,,1508606,2849,,,,,,,,14,,G,5.1,1.5,27.3,47.5,54.9,48.2,3.2,8.5,2,0.74,1.6,97,151,150,0
328,PEDERNAL DON VITO 4605-3,,1508731,4736,,,,,,,,8,,,-3,2.1,20.4,33.3,40,37.4,-2.2,6.9,1.87,0.23,1,S/D,111,136,0
329,S`EDU LEGO 2,,1508997,7751,,,,,,,,0,,,3.6,1.1,21.8,32.3,34.7,32.1,-2.8,5.9,3.29,0.23,0.6,S/D,117,117,0
330,S`EDU TRUST 7,,1509029,7786,,,,,,,,30,,,-1.4,2.3,27,45.2,54.2,54.6,1.1,12.7,4.45,-0.53,0.8,S/D,154,148,0
331,CHAA�A�A?A�AR CANTALICIO 19 3388,,1509681,3388,,,,,,,,31,,G,0.6,1.7,19.1,35.3,41.8,37.5,-1.3,4.7,3.03,-0.28,1.1,99.8,97,144,0
332,LOS TILOS 2483,,1509799,2483,,,,,,,,10,,,-2.7,2.4,26.8,42.3,41.1,44.3,-4.5,8,3.03,0.23,0.6,S/D,143,115,0
333,RDA HOMETOWN OPTIMUM HOME/2811/14,,1510231,4381,,,,,,,,6,,,-5.8,3.4,29.6,46.4,50.9,58.2,-7.4,11.2,3.42,0.48,1.3,S/D,164,124,0
334,PODEROSO HOMETOWN/299,,1510876,299,,,,,,,,14,,,4.8,0.9,21.3,35.9,42.2,41,-2.5,13.1,2.71,0.23,0.9,S/D,135,128,0
335,GUAYCURU LLORON 9-2858,,1510959,2858,,,,,,,,10,,,1.4,1.1,16.3,32,41.2,22.9,1.4,11.8,1.42,-0.03,1,S/D,117,168,0
336,V CH I LAKE 6115S/297Z 2,,1511040,7833,,,,,,,,25,,,4.8,1.1,22.4,38.6,46.4,32.1,5.8,14,2.84,0.48,1,S/D,152,157,0
337,SANTA INES 9870 MR HEREFORD TE,,1511047,9870,,,,,,,,45,,,-1.1,2,28.9,43.2,30.1,41.1,-3.4,10.9,2.71,-0.79,0.8,S/D,169,48,0
338,D.R. SCPALADIN ABSOLUTE-263/12,,1511076,396,,,,,,,,8,,,4.4,1,21.7,37.8,40.4,42,2.9,6,3.42,-0.03,1.3,S/D,114,115,0
339,AMM SIP EVOLUTION,,1511238,8924,,,,,,,,41,,G,11,0.2,25.4,37.9,50.5,48.1,7.4,11.3,3.48,-0.03,0.5,93.1,144,140,0
340,S EDU RECORD B 14,,1511600,7826,,,,,,,,23,,,-0.1,1.7,23.1,39.1,43.6,48.4,0,6.9,2.45,0.48,0.1,S/D,113,139,0
341,AMM MADRUGADOR BOX,,1511791,6947,,,,,,,,8,,,-2,1,13.4,22.5,19.3,28.7,-4.1,7.8,0.71,-0.28,0.4,S/D,78,80,0
342,PAMPERO LEGO 13/1,,1511922,43,,,,,,,,21,,,0.6,1.9,25.7,39.7,38.8,45.6,2.1,5.5,1.68,-0.79,0.6,S/D,127,96,0
343,DOA�A�A?A?A ADELA 240 MARKET,,1512223,240,,,,,,,,34,,,3,1,15.2,28.3,27.5,36.4,0,5.8,1.29,-0.03,0,S/D,73,108,0
344,PODEROSO HOMETOWN,,1513038,315,,,,,,,,59,,,4.7,0.9,26.8,41.9,50.7,51.2,-2.6,13.4,4.52,1.24,1.2,S/D,161,134,0
345,MURMULLOS X0578 SUREA�A�A?A?O,,1513039,,,,,,,,,262,,G,1.8,1.8,21.7,31.3,38.3,33.8,-0.4,7.2,-0.19,-0.03,0.3,S/D,118,133,0
346,GUAICOS X908-T/E-,,1513041,,,,,,,,,499,,,-1.2,2.1,24.2,36.2,28.8,48.9,-2.2,4.4,2.45,-0.03,0.1,S/D,109,68,0
347,LA LUCHA 2048 SPARK,,1513085,2048,,,,,,,,18,,G,1,1.9,29.9,43,52,57,1.6,6.4,2.65,0.23,0.8,116,146,126,0
348,GUAICOS X1040 -T/E-,,1513164,X1040,,,,,,,,1053,,G,-2.8,1.6,23.2,36.7,39.8,37.3,-1.9,3.4,2.71,0.99,0.9,95.4,114,131,0
349,H SENTRY 2456 ET,,1513167,,,,,,,,,215,,G,8.4,0.4,27.4,45.5,49.7,51.5,5.9,11.7,3.81,0.48,0.8,111.5,156,124,0
350,SHF ALL AMERICAN LG A70,,1513194,,,,,,,,,252,,G,6.1,1.2,27.4,41.7,43.6,28.1,3.4,14.2,1.16,0.99,0.9,S/D,182,135,0
351,HH ADVANCE 3033A ET,,1513200,3033,,,,,,,,191,,G,-1.3,0.9,22.2,37,46.8,25.1,3.9,15.9,4.39,0.23,1.5,96.2,166,161,0
352,CL 1 DOMINO 330A 1ET,,1513207,330,,,,,,,,87,,G,5.3,2,23.2,37.7,45.6,40.3,4.4,14.9,3.29,0.99,1,104.6,153,148,0
353,GH 7101 ROCK SOLID 5Z,,1513247,,,,,,,,,116,,,-4.6,2.1,32,56.5,57.6,78.7,1,9.7,5.23,-0.53,1.5,100.1,158,98,0
354,V CH I LAKE 3/15,,1513318,7840,,,,,,,,3,,G,-5.3,2,25.9,42,49.5,37.6,-0.8,15.6,3.23,-0.79,1.5,100.7,176,139,0
355,RINCON DF ADVANCE 3 CUADRO 1058,,1513619,1058,,,,,,,,4,,G,-2.4,1.4,22.6,37.9,37.2,40.5,-0.8,3.2,1.81,-0.79,0.2,101.3,103,113,0
356,LA PALMA CUA�A�A?A?ADO - 14,,1513768,1398,,,,,,,,2,,,5.9,0.6,18.5,32.4,36.3,39.4,2.3,9.7,1.68,0.23,0.4,S/D,106,121,0
357,LA PALMA MANDINGA - 8,,1513771,1401,,,,,,,,21,,,3.3,1.3,18.9,32.1,36.5,45.5,3,6.9,2.9,-0.28,0.9,S/D,96,108,0
358,SL EDISTO RUPERT NT 09 TE,,1513807,9,,,,,,,,0,#,,4.3,0.6,16.6,28.2,25.7,38.5,2.2,4.8,0.805,0.48,0.3,S/D,77,88,0
359,PEDERNAL GABRIEL 5,,1513905,4748,,,,,,,,15,,,5.2,0.5,15.1,26.4,31.6,41.4,2.9,6.5,1.48,-0.03,0.4,S/D,74,110,0
360,S.E NJW 73S W 18 HOMETOWN VICKY Z684 - 3 TE,,1513946,3030,,,,,,,,25,,,6.8,0.7,24.8,40,45.6,51.5,1.3,13.6,2.13,0.48,1.4,S/D,152,106,0
361,SERRANO RED BULL 1/15 TE,,1513965,58,,,,,,,,16,,G,0.1,1.2,23.9,41.6,49.4,35.2,2,15.6,3.1,-0.53,1.4,99.9,166,147,0
362,SERRANO EMIL 1/15 TE,,1513966,59,,,,,,,,4,,,-1.6,0.9,16.1,28.7,22.6,34.3,-5.5,8.1,2.71,-1.04,0.4,S/D,90,73,0
363,SANTA MARIA GOOD & PLENTY 2686/2015,,1514190,5519,,,,,,,,24,,,-1.3,1.2,17.9,33.5,31.4,40.6,-2.6,6.2,2.26,-0.53,0.3,99.8,88,103,0
364,SANTA MARIA HOMEGROWN 3239/2015,,1514206,5535,,,,,,,,8,,,0.7,1.4,20,37.2,42.6,45.1,-0.2,13.2,2.77,0.48,0.8,S/D,125,136,0
365,G.M. 105Y 6,,1514304,4418,,,,,,,,0,,,16.1,-1.5,15.7,26.1,36.2,32.1,6.9,14,2.39,0.74,0.6,S/D,112,128,0
366,G.M. CAL 269/8,,1514306,4420,,,,,,,,17,,,-2.1,2,23.8,40,46.7,42.3,1.1,9.6,2.58,0.23,0.8,S/D,135,147,0
367,G.M. DURANGO 15,,1514309,4423,,,,,,,,23,,,1,1.6,22.7,38.4,46.5,28.7,2.6,14,2.26,-0.03,1.2,S/D,157,158,0
368,G.M. TRUST 7,,1514311,4425,,,,,,,,7,,,2.1,1,25.5,44.2,54.4,51.7,3.8,12.3,3.94,-0.03,1.1,S/D,149,148,0
369,G.M. DURANGO 19,,1514327,4441,,,,,,,,0,,,0.4,1.5,24.4,39,42,30.1,1.8,12.3,2.19,-0.03,0.9,S/D,157,134,0
370,G.M. 955W/15,,1514332,4446,,,,,,,,27,,,-3.1,2.3,32.6,51.2,70.8,55.4,-1.3,13.4,6.39,0.23,1.1,S/D,189,201,0
371,SATUR A�A�A?A?P.GLOBAL 4664,,1514384,4664,,,,,,,,0,,,0.9,1.6,20.3,38.1,46.2,41.7,-2.3,8.4,2.19,0.48,1,S/D,113,156,0
372,SATUR FESTEJADO 4665 TE.,,1514385,4665,,,,,,,,20,,,-1.4,2.3,25.4,40,38.3,45,1.9,8.6,1.61,0.48,1.2,102.4,140,97,0
373,SATUR HOOLIGAN 4676,,1514396,4676,,,,,,,,3,,,-0.4,1.6,19.4,39.9,40.6,36.5,-1.2,8.1,1.55,-0.53,0.8,S/D,109,138,0
374,DR DRCARTUCHO GB GLOBAL-252/2,,1514432,450,,,,,,,,2,,,-1.3,1.6,22.4,37.3,41.6,45.8,-4.2,7.7,3.23,0.23,0.9,S/D,118,123,0
375,SANTA INES HOMEGROWN 9902,,1514531,9902,,,,,,,,24,,,3.9,0.7,23.2,38.5,51.8,47.1,2.1,14.1,2.97,0.48,1.3,S/D,147,149,0
376,SANTA INES HOMEGROWN 9919,,1514548,9919,,,,,,,,0,,,4.5,1.1,23.5,39.2,42.8,42.8,1.2,13.8,3.35,0.48,1,S/D,149,122,0
377,PALMAR MANO BLANCA 2-32,,1514571,94,,,,,,,,2,,,3.5,1.2,23.6,35.4,43,38.4,2.8,9.3,3.29,1.24,1.3,S/D,139,133,0
378,G.M. TRUST 8,,1514582,4453,,,,,,,,9,,,2.9,0.9,24.7,41.5,51.9,55.8,4,11.9,4.06,-0.03,1,S/D,139,135,0
379,MPH 10H JUICE BOX Z3,,1514628,,,,,,,,,305,,G,6.8,0.4,27.8,40.2,45.5,44.1,8.2,14.3,2.84,0.23,1.1,99.6,174,106,0
380,CEIBAL - DOMINO297Z - 8,,1514680,9208,,,,,,,,20,,,3,1,24.3,38.7,44.7,47,4.4,12.8,2.84,0.74,1,S/D,147,122,0
381,CEIBAL - 3910 - 6,,1514689,9217,,,,,,,,33,,,-1.7,1.8,29.1,48.3,56.6,49.3,0.3,9.6,2.58,0.23,1.5,S/D,163,149,0
382,SANTA MARIA MANO BLANCA 5905/3560/15,,1514863,5606,,,,,,,,10,,,2,1,18.7,32.5,39.3,34.4,-0.1,10.1,3.1,0.74,1.1,S/D,116,139,0
383,SANTA MARIA MANO BLANCA 5905/4229/15,,1514884,5627,,,,,,,,10,,,2.9,0.6,15.5,29.9,34.1,34.6,0.6,10.7,1.87,0.23,0.4,S/D,96,130,0
384,OMBU S217 DIACONO 8 IA,,1514916,43,,,,,,,,0,,,2.4,0.6,13.2,23.9,23.2,26.5,-0.7,7.1,1.94,-0.03,0.7,S/D,78,98,0
385,33 HOME 8339,,1514990,253,,,,,,,,23,,G,8.6,0.6,16.8,31.8,30.3,32.5,-1.2,12.3,0.06,0.74,0.7,106.9,112,107,0
386,INQUIETO TRUST CABEZA,,1515015,482,,,,,,,,2,,G,4.8,0.9,23.5,42.5,38.4,63.9,4.9,7.8,3.23,-0.28,1,89.2,112,67,0
387,INQUIETO KAMIKAZE VISIONARY,,1515041,508,,,,,,,,11,,,-3.1,1.5,25.9,41.6,46.5,49,-4.2,13.2,1.55,0.99,0.7,S/D,154,128,0
388,V CH GALLANT/F56 1 15,,1515055,7855,,,,,,,,59,,,-5.3,1.6,16.1,29.6,21.6,34.6,-7.4,7.5,2.13,-1.04,0.4,S/D,88,72,0
389,LA LUCHA 2064 BOGART,,1515105,2064,,,,,,,,17,,,-3.5,2,23.5,40.2,47,39.7,0.6,6.5,3.42,0.23,0.7,S/D,123,158,0
390,CARACE REVOLUTION 3795,,1515184,3795,,,,,,,,18,,G,2.2,2,24.9,43.9,49.7,51.3,3.1,6.5,4.9,0.74,1.3,92.7,126,144,0
391,PARAISO 4018-2,,1515269,11286,,,,,,,,22,,,3.6,1.1,17.4,29.8,32.1,44.4,2.7,5.4,1.23,-0.03,0.7,S/D,82,98,0
392,PARAISO LUCIFER -36,,1515287,11306,,,,,,,,27,,,-1.6,2,19.3,31.3,38,44.1,-1,9.8,2.19,-0.03,1.3,S/D,112,114,0
393,PARAISO DINERO 3669 58,,1515335,11354,,,,,,,,27,,,3.2,0.8,18.7,32.6,32.7,38.6,1.6,10.6,1.1,-0.03,0.9,S/D,113,97,0
394,CPZ PALMAR JEKE 1,,1515523,549,,,,,,,,45,,,4.4,0.5,17.5,33.1,36.5,33,2.7,11.2,0.97,0.48,0.8,S/D,113,129,0
395,CPZ PALMAR TWENTY 12 2,,1515528,554,,,,,,,,19,,,-0.5,1.6,19.6,35.5,39.9,47.1,0.2,7.2,1.87,-0.28,0.2,S/D,96,130,0
396,O.G.A.REVOLUTION - VIC 85/254 - 401,,1515692,401,,,,,,,,16,,,0,1.6,24.3,38.1,41.5,42.6,0.7,7.2,2.9,0.74,0.9,S/D,129,123,0
397,AZUL TIO COCOA 3464,,1515744,3464,,,,,,,,34,,,0.2,1.8,23.6,37,47,40.9,-1.2,4.9,2.26,0.23,0.8,S/D,118,152,0
398,AZUL GARDEL 3485,,1515765,3485,,,,,,,,10,,,-4,2.4,20.4,36.6,44.2,48.8,-2.1,8.2,2.84,-0.28,0.8,S/D,106,140,0
399,RINCON DF BARRIL BOOOMER 1091,,1515830,1091,,,,,,,,16,,G,0.3,2.4,26.2,42.2,44.6,41.9,-1.8,9.7,3.74,0.23,1,105.1,150,130,0
400,RDA LEGEND ROLANDO GKB/3512/15,,1515869,4563,,,,,,,,9,,G,-0.1,1.1,19.5,37.5,51.2,48.7,-1.1,9.7,2.84,0.48,1,99.8,108,168,0
401,MURMULLOS FRANCISCO X0954 T/E,,1515893,X0954,,,,,,,,67,,,-0.3,1.7,23.9,36,35.8,42.5,0.8,4.8,1.48,-0.03,0.7,102.2,117,97,0
402,EML MOSQUITO 15 1270 GARDEL,,1515924,85,,,,,,,,2,,G,-4.3,2.7,26.3,43.3,45.6,51.9,-2,8.1,4.13,0.74,1.2,95.5,139,124,0
403,SIO EVOLUTION,,1515986,9061,,,,,,,,78,,,9.3,0.2,31.5,50,64.5,55.3,4.1,11.1,4.32,1.5,1.2,S/D,176,169,0
404,V CH 2012 1/15,,1516070,7879,,,,,,,,35,,,-5.9,2.5,22.7,42.5,44.4,47.7,-2.3,5.7,2.52,-0.53,0.6,S/D,109,137,0
405,V CH 2012 3/15,,1516076,7887,,,,,,,,9,,,1.8,1.2,22.6,39.1,46.9,53.9,1.2,8.3,2.71,-0.53,0.2,S/D,111,135,0
406,V CH 2012 4/15,,1516093,7908,,,,,,,,3,,G,0.9,1.5,20,39.4,43.3,50.8,2.1,5.6,2.39,-0.79,0.5,97,91,131,0
407,G.M. DINERO 3910/12,,1516111,4484,,,,,,,,4,,,-3.5,2.4,30.1,47.7,55.2,57.8,-0.5,8.1,1.87,-0.03,1.1,S/D,155,134,0
408,G.M. MOLER 3908/31,,1516116,4489,,,,,,,,8,,,-4,2.5,21.5,37.5,41.7,40.9,-0.9,5.1,1.42,0.48,1.1,S/D,109,138,0
409,G.M. LUCIFER 4096/4,,1516118,4491,,,,,,,,0,,G,11.9,0.9,18.9,27.8,38.8,41.2,7.9,8.5,-0.19,-0.03,1,93.9,106,118,0
410,ISLA HOMETOWN 2,,1516130,8114,,,,,,,,29,,,4.2,1.3,15.4,33,39.5,43.7,-1.9,12.2,0.45,0.48,0.7,S/D,96,141,0
411,ISLA VICTOR 719-5,,1516143,8127,,,,,,,,16,,,3.4,1,21.5,34.6,36.6,31.9,-1.1,9.6,1.61,-0.28,0.7,S/D,129,117,0
412,ISLA VICTOR 719-6,,1516148,8132,,,,,,,,38,,,6.9,0.5,25.2,40.4,44.2,44.4,-1.3,12.8,2.52,-0.03,0.8,S/D,153,114,0
413,S.M. HAKA,,1516173,1222,,,,,,,,6,,G,6.4,1.5,22.9,38.5,42,42,4.5,9.9,2.58,-0.03,1.1,103.8,133,121,0
414,C DEL T COCO 1 TOP SHELF,,1516334,593,,,,,,,,20,,,3.7,0.2,13.2,26.7,38.6,34.9,2.8,10.6,1.23,0.99,0.6,S/D,84,158,0
415,SAN MIGUEL BARRA 1,,1516396,1574,,,,,,,,27,,,4,0.8,16.7,31.8,32.3,31.8,0.7,7.3,1.42,-0.03,1.1,S/D,97,112,0
416,SAN MIGUEL ROGER 1 - 7,,1516412,1590,,,,,,,,15,,,3.3,1.3,26.5,37.1,40.4,49.5,1.7,7.3,2.45,-0.28,0.7,S/D,136,92,0
417,LAS FLORES 1554-REVOLUTION/1494- 1707,,1516541,1707,,,,,,,,0,,G,12.3,0.9,22.9,37.4,44.3,51.2,7.2,9.6,4.32,0.99,0.6,89.9,122,130,0
418,BAQUEANO ADVANCE 11186-10,,1516816,11971,,,,,,,,1,,,-2.8,2,26.7,33.8,37.1,49.1,0.7,15,1.55,-0.03,0.7,S/D,164,79,0
419,S.E. GM PAVAROTTI 20 QUPORA 2093,,1516853,3052,,,,,,,,43,,G,11.9,1.1,20.1,31.2,37,33.5,5.9,11.6,1.35,0.74,0.8,105.5,128,127,0
420,S.E. SENTRY RECORD,,1516858,3057,,,,,,,,25,,,4.1,1.2,22.2,40.1,46.3,43.9,2.4,10.5,2.19,-0.28,1,S/D,129,137,0
421,MONTECORAL 2142 PLENAMAR GRANBIFE4331,,1517025,2787,,,,,,,,21,,,-1.3,1.6,22.5,37.2,40.6,35.7,-2.3,9.3,2.52,-0.03,1.1,S/D,133,126,0
422,SANTA INES ADAPTADO 9935,,1517292,9935,,,,,,,,17,,,-1.2,1.3,21.9,33.9,50.3,40.3,-1.3,8.3,3.74,0.99,0.8,S/D,121,177,0
423,SIP 8635,,1517364,9107,,,,,,,,6,,,1.8,1,22.4,34.7,43.3,46.3,2.3,10.9,3.1,0.48,1,S/D,130,124,0
424,SAN JUANA�A?A?A�S SOCRATES 2-15,,1517519,3537,,,,,,,,0,,,1,1.7,16.8,30.4,26.8,34.1,0.8,5.3,1.1,-0.53,0.4,S/D,84,97,0
425,SAN JUANA�A?A?A�S SOCRATES 3-15,,1517532,3550,,,,,,,,0,,,0.1,1.9,16.7,29.1,23.4,32.5,0.5,4.5,1.03,-0.79,0.2,S/D,81,88,0
426,SAN JUANA�A?A?A�S SOCRATES 4-15,,1517534,3552,,,,,,,,0,,,1.8,1.5,16,28.2,23.4,35.2,1.1,4.1,0.65,-0.79,0.3,S/D,74,82,0
427,SAN JUANA�A?A?A�S YARRAM 1-15-28,,1517555,3573,,,,,,,,0,,,2.2,1.3,17,30.3,30.5,33.9,1.5,6.8,1.29,-0.28,0.6,S/D,92,109,0
428,G.M. DINERO 3910/20,,1517928,4528,,,,,,,,0,,,-0.3,1.8,25.9,43.3,51,51.6,0.4,8.3,1.81,-0.03,0.9,S/D,135,140,0
429,PINGO VIEJO MANO BLANCA 5905/3471/15,,1518176,5680,,,,,,,,28,,,-1.2,1.3,17.5,31.6,35,36.3,-1.3,10.9,2.71,-0.03,0.7,S/D,108,123,0
430,SIP FIRST 8635,,1518572,9163,,,,,,,,6,,,1.5,1.2,25.3,42.4,45.6,47.2,1.9,9.2,1.94,0.48,1.5,S/D,142,115,0
431,RDA GOOD AN PLENTY MODEL MAN GOOD/3258/5,,1518580,4590,,,,,,,,12,,G,2.7,1.5,22.6,35.8,37.7,41.1,-0.1,6.3,4.65,-0.79,0.1,101,113,118,0
432,CIPA CEBOLLATI 719T 6352,,1518755,6352,,,,,,,,19,,G,5.4,1,24.5,37.8,42,38.5,-0.3,9.7,0.9,-0.53,1.7,108.1,147,102,0
433,PINGUELA VICTOR 3208,,1518799,3208,,,,,,,,1,,,6.3,0.5,23.9,40.9,46.3,40.4,-1.1,10.5,2.58,-0.28,0.9,S/D,141,132,0
434,HORMIGA REDEEM 1,,1518952,875,,,,,,,,10,,,-6,2.8,27.9,40.8,40.5,57.7,-3.9,7.6,2.9,-0.28,0.5,S/D,137,89,0
435,HORMIGA COCOA 15,,1518977,900,,,,,,,,10,,,-0.2,1.9,23.5,41.6,45.3,50.4,-1.3,4.1,3.29,1.24,0.7,S/D,107,142,0
436,HORMIGA REDEEM 7,,1518981,904,,,,,,,,0,,,1.3,1.8,26.4,43.5,46.5,46.1,-0.5,6.6,2.39,0.74,0.8,S/D,136,134,0
437,HORMIGA REDEEM 8,,1518983,906,,,,,,,,2,,,-0.6,2,28,42.4,53.4,54.6,-0.5,9.9,3.16,0.48,1.2,S/D,152,139,0
438,HORMIGA MANDINGA 13/22-9,,1519000,923,,,,,,,,4,,,-2.7,2.2,23.1,40,44,48.7,0.5,3.7,2.06,-0.03,0.5,S/D,103,135,0
439,HORMIGA CUA�A�A?A?ADO 28,,1519006,929,,,,,,,,11,,,7.1,0.2,19.7,35.3,44.2,44.3,3.4,11.9,3.35,-0.28,1.1,S/D,121,129,0
440,HORMIGA FULECO 7,,1519011,934,,,,,,,,145,,,0.8,1.4,16.6,33,38,38,1.4,8,2.06,2.01,0.5,S/D,91,156,0
441,MMCC HOMETOWN 8621,,1519205,8621,,,,,,,,19,,,0.9,1.9,24,40.8,48.5,47.5,-2.9,12.7,2.19,0.74,1.1,S/D,145,143,0
442,REFUGIO SG VICTOR 719-37,,1519209,4537,,,,,,,,25,,,-0.7,1.5,23.1,35.8,36.6,30,-3.6,9.8,2.19,-0.28,0.7,S/D,140,117,0
443,TORDO 6683 - 8228,,1519362,8228,,,,,,,,11,,,8.3,0.5,20.2,38.6,45,45.1,3.4,8.8,3.1,0.48,1.3,S/D,113,135,0
444,ALBORADA 8035 - 4,,1519421,8291,,,,,,,,1,,,-2.2,2.1,23.2,41.5,41.1,41.3,-1.2,6.6,2.9,1.24,1.1,S/D,123,131,0
445,ANCARES ZORRILLO 1,,1519499,9848,,,,,,,,7,,G,-2.7,1.9,25.4,40.5,48.1,50.2,0.6,13.2,1.29,-0.28,1.2,102.1,153,122,0
446,V CH 2012 9/15,,1519595,8038,,,,,,,,35,,G,-0.4,2,23.2,38.4,47.1,54.4,1,6.4,3.42,-0.53,0.9,94.8,112,130,0
447,ANCARES FORC BOOMER 19 TE,,1519702,9914,,,,,,,,17,,,4.7,1.1,16.9,30.3,32.9,30.4,-1.5,10.9,1.61,-0.03,0.4,S/D,108,127,0
448,ANCARES FORC BOOMER 21 TE,,1519714,9926,,,,,,,,24,,,-2.8,2.6,22.1,38.4,39.1,33.4,-5.3,10.9,2.06,-0.03,0.5,S/D,135,139,0
449,ANCARES KAMIKAZE 1-39,,1519723,9935,,,,,,,,8,,,-1.7,1.5,23.5,37.1,41.3,35.2,-1.3,9.8,1.48,0.48,0.6,S/D,138,135,0
450,TORDO 6683-8385,,1519904,8385,,,,,,,,26,,,-1,1.5,16.5,31,38.1,36,0,10.4,1.81,-0.03,0.7,S/D,101,142,0
451,QUELEN TRUST 268,,1519953,268,,,,,,,,15,,,-1.6,2,25.3,46.6,54.1,49.8,1.8,12.5,5.68,-0.28,1,S/D,149,159,0
452,ROLON LEGO 11,,1520009,58,,,,,,,,32,,,5.2,1.1,21,33.4,38.1,52.6,-1.1,7.5,2.39,0.23,0.4,S/D,102,106,0
453,PASO DE LUGO DURANGO 247 TE,,1520023,247,,,,,,,,14,,,8.9,-0.2,19.9,33.3,39.1,36.4,6.3,12.1,2,0.23,1,S/D,128,118,0
454,JUCAMOR FUSIL 3,,1520092,1096,,,,,,,,1,,,1.8,1.6,24.7,41.2,46.8,43.7,0,8.5,3.61,0.48,1,S/D,136,140,0
455,CHAA�A�A?A?AR VICTOR 719T 7 3441,,1520266,3441,,,,,,,,21,,G,0.1,1.2,27.9,47.3,49.8,39.4,-1.7,10.7,4.65,-0.53,1,108.2,165,138,0
456,CHAA�A�A?A?AR 3033 A 8 3449,,1520274,3449,,,,,,,,13,,G,2.8,1.3,17.2,28.8,38.9,28.6,4.6,14.5,2,0.48,1.3,97.8,129,145,0
457,CHAA�A�A?A?AR FIRST CLASS 12 3464,,1520289,3464,,,,,,,,25,,G,-6.1,2.8,28.5,45.9,59.5,58.8,0.3,10.8,3.48,-0.03,1.4,98,156,157,0
458,TROJA KAMIKAZE 2/1775 ABT ET,,1520344,432,,,,,,,,0,,,-5.3,2.4,22.8,38.2,41,41.4,-3.8,9.1,1.81,-0.03,0.7,S/D,127,129,0
459,TROJA HOMEGROWN 16/65 PATON ET,,1520349,438,,,,,,,,0,,,2.2,1.2,23,38.6,46.4,51.6,1.4,15.7,3.35,0.48,1.2,S/D,148,123,0
460,VICTORIANO TW-TW 913-2,,1520638,913,,,,,,,,14,,,0.5,1,21.6,37.3,39.9,48.9,1.3,5.6,3.42,-0.53,0.6,S/D,102,110,0
461,VICTORIANO 702-915-13,,1520640,915,,,,,,,,0,,,1.3,1.7,21.9,33.3,36.2,42.3,-0.7,10.7,2,-0.28,0.1,S/D,124,112,0
462,ATALIBA RETORNO 2,,1520681,338,,,,,,,,1,,,-5,2.4,22.3,36.1,36.5,42.1,-2.6,6.9,1.81,0.48,0.3,S/D,114,120,0
463,ERC VISIONARY MARTINETA 127,,1520789,127,,,,,,,,8,,G,1.7,1,28.3,45.7,48.5,46.1,-0.8,13.7,2.32,-0.03,0.8,103.2,172,121,0
464,ERC HOMETOWN MARTINETA 138,,1520800,138,,,,,,,,8,,,6.5,0.5,20.8,33.8,42.7,47.3,-0.2,13.1,2.45,0.74,1.1,S/D,129,121,0
465,TAURINO H. TOWN 2897,,1520825,2897,,,,,,,,12,,G,7,1.8,21.9,36.6,47.4,51.8,-0.2,13.2,2.39,-0.28,0.5,103,128,141,0
466,TAURINO SALVADOR 2926,,1520902,2926,,,,,,,,8,,,1.3,1.6,20.2,34.1,37.4,42.2,1.6,6.4,2.97,-0.03,0.7,S/D,103,119,0
467,TAURINO SALVADOR 2930,,1520906,2930,,,,,,,,6,,,-1.3,2,20,34.8,33.6,42.1,-0.6,5.8,2.06,0.23,0.4,S/D,98,112,0
468,CORRAL 33,,1521002,33,,,,,,,,1,,,-5.4,2.1,22.5,36.7,37.8,39,-4.2,11.6,1.1,-0.03,0.7,S/D,136,115,0
469,DOA�A�A?A?A ADELA OLVIDO 288,,1521292,288,,,,,,,,39,,G,2.6,0.3,22.1,38.1,43.9,32.3,0.8,8.3,2.32,0.74,0.9,96.6,129,147,0
470,DOA�A�A?A?A ADELA BOGART 306,,1521310,306,,,,,,,,35,,,-2.4,2.1,27.5,45.4,52.5,42.7,2.7,11.6,4.71,0.23,1.1,S/D,164,156,0
471,DOA�A�A?A?A ADELA DURANGO 310,,1521314,310,,,,,,,,6,,,3.5,0,15.6,28.8,27.8,24.4,2.1,10.3,0.77,-0.28,0.4,S/D,103,108,0
472,GARZON A�A�A?A?U PORA 3891/991,,1521375,991,,,,,,,,20,,,-7.2,2.9,21.6,40.3,40.3,30.3,-5.6,7.8,1.68,0.23,0.4,S/D,122,157,0
473,GARZON HOMETOWN 968,,1521530,968,,,,,,,,1,,,4.5,0.9,22.1,37,44,49.9,-2.8,11.9,2.13,0.99,0.8,S/D,128,127,0
474,SIRIMA 370,,1521656,370,,,,,,,,4,,,6,0.5,21.2,34.4,40.8,38.3,3.3,7.3,3.68,0.48,0.9,S/D,116,130,0
475,C.B VAGABUNDO -PALO,,1521700,1391,,,,,,,,23,,,0.6,1.8,23.9,38.4,50.4,39.6,-1.2,10.7,2.32,0.23,1.6,S/D,146,153,0
476,ANCARES ZORRILLO 7,,1521788,9962,,,,,,,,3,,,-3.8,2,29.3,45.5,52,46.4,-1.1,11.1,3.74,-0.03,1,S/D,169,139,0
477,PANCHO TIMEA�A?A?A�S A WASTIN 71,,1521900,71,,,,,,,,4,,,9.4,0,23.4,38,42.5,46.9,6.2,8,2.65,-0.79,0.8,S/D,124,104,0
478,PASO ANCHO 1717 TRUST 15,,1521945,2419,,,,,,,,14,,,3.4,1.2,32.4,52.5,54.3,61.4,3.7,13,4.97,-0.79,1.2,S/D,183,102,0
479,MANYA REBOLUCION,,1522017,134,,,,,,,,6,,,1.5,1.2,23.5,38.4,44.5,35.8,1.8,9.9,3.48,0.48,0.9,S/D,140,144,0
480,MADRUGADOR RAIMAN 186-1,,1522092,7001,,,,,,,,6,,,-1.2,0.7,13.7,17.1,19.7,33,-3.8,8.1,0.71,0.23,0,S/D,76,82,0
481,LA PALMA GARDEL - 7 T.E.,,1522221,1425,,,,,,,,6,,,-5,2.9,19.8,38.3,37.9,51.3,-2.3,6.1,2.45,0.23,0.8,S/D,93,118,0
482,JORSUS REDEEM 2,,1522338,588,,,,,,,,11,,,0.5,2,28.5,45,51.3,50.5,-2.3,8.7,2.71,0.74,1,S/D,153,139,0
483,JORSUS HOME TOWN 361,,1522384,605,,,,,,,,19,,,8.5,0.5,25.6,41.4,46.9,50.6,0.6,12.3,3.23,0.74,1,S/D,150,119,0
484,ANCARES KAMIKAZE 1-40,,1522672,9941,,,,,,,,21,,,5.6,0.7,23.3,37.3,37.9,31.9,3.5,8.4,1.1,0.74,1.1,S/D,137,115,0
485,SATUR BARRA BRAVA TIFOSI 4700,,1523159,4700,,,,,,,,4,,,0.7,1.5,18.8,34.9,38.3,30,-0.3,8,1.48,1.24,0.5,S/D,109,155,0
486,SATUR BARRA BRAVA FANATICO 4707,,1523166,4707,,,,,,,,14,,,1.6,1.5,22.9,38.5,45.5,31.7,0.5,11.5,2.26,-0.53,1,S/D,146,148,0
487,SATUR TANKERAY 4712 TE.,,1523170,4712,,,,,,,,1,,,-2.8,1.7,24.5,40.2,40.4,48.8,0.9,13.2,2,-0.03,0.9,S/D,147,99,0
488,SATUR FESTEJADO 4716 TE.,,1523174,4716,,,,,,,,0,,,-0.8,1.7,21,34.2,32.9,39.2,-0.8,6.8,2.52,0.48,0.6,S/D,110,106,0
489,MONYMUSK EIFFEL TOWER 090140,,1523243,,,,,,,,,16,,,-4.8,1.3,17.1,30.4,26.5,38.8,-6.3,6.8,3.23,-0.53,0.3,103.6,87,89,0
490,CRR 719 CATAPULT 109,,1523249,,,,,,,,,1244,,G,-0.4,1.5,28.8,44.4,46.3,42.9,1.6,15.5,3.61,-0.03,1,102.2,184,115,0
491,GUAICOS X1383 T/E FEDERAL,,1523252,,,,,,,,,850,,,-1.1,2,22.9,29.7,32.7,41.2,-0.2,2.5,-0.13,0.23,0.6,103.3,104,93,0
492,TORDO 6683 - 8531,,1523530,8531,,,,,,,,34,,,-2.4,1.9,17.3,31.3,35.2,41.7,-1.7,10,1.94,0.23,0.7,S/D,100,122,0
493,BTF DPH E132 4091,,1523569,1,,,,,,,,93,,,3.2,0.6,14.5,23.5,23.4,33.4,0,7.6,1.16,0.99,0.5,S/D,81,93,0
494,CHAA�A�A?A?AR DOMINO 330 A 1 3527,,1523591,3527,,,,,,,,1,,,1.1,2,21.7,36.2,43.2,37,1.5,11.2,2.45,0.23,0.8,S/D,133,147,0
495,CHAA�A�A?A?AR DOMINO 955 W 16 3528,,1523592,3528,,,,,,,,1,,,1.5,1.2,23.2,39.7,48.5,50.5,1.8,13.2,3.55,0.23,0.8,S/D,138,140,0
496,SANTA INES 10002 LAMBEAU,,1523632,10002,,,,,,,,5,,,6.3,0.3,21.2,34.5,34.2,32.3,3.5,7.8,1.55,1.24,0.5,S/D,120,116,0
497,SANTA INES 10010 EDUARDO MORO,,1523640,10010,,,,,,,,26,,,-3.8,2,19.6,33.1,43.1,32.8,-4.5,8.8,2,-0.03,0.3,S/D,113,167,0
498,SANTA INES 10013,,1523643,10013,,,,,,,,11,,,0.2,1.3,23,37,33.7,39.6,-1.7,5.3,2.9,0.23,0.6,S/D,116,97,0
499,PIQUILLIN ABSOLUTE 126,,1523708,126,,,,,,,,13,,,8,0.6,26.6,41.4,42.1,50.3,5.6,7.9,3.23,0.23,1.2,S/D,141,90,0
500,ANCARES ZORRILLO 10,,1523793,10016,,,,,,,,0,#,,-2,1.7,25.5,39.3,47,42.8,-0.4,12.4,3.16,-0.03,1,S/D,155,134,0
501,ANCARES KAMIKAZE 1-44,,1523807,10030,,,,,,,,0,#,,-1.9,1.9,21.2,37.4,38.2,32.7,-1.2,10.7,1.585,0.355,0.7,S/D,130,134,0
502,PARAISO DINERO 3669-66,,1524029,11400,,,,,,,,20,,,5.5,0.7,20.2,37.4,38,45.2,3.1,9.7,2.52,-0.03,0.9,S/D,114,106,0
503,CHURCHILL SURE BET 4195B ET,,1524044,,,,,,,,,298,,G,14.2,-1.4,16.7,30.6,33.2,5.6,7.2,17,1.74,0.99,0.8,102.8,149,147,0
504,UPS SENSATION 2504 ET,,1524045,,,,,,,,,820,,G,8.6,-0.4,24.1,37.4,39.8,25.3,3.9,17.1,4.26,-0.53,1.2,100.8,179,111,0
505,LC CRESSON RAMSES,,1524174,2448,,,,,,,,2,,,3,1.1,21.3,36.6,39.8,39.2,3.2,9.1,3.1,0.74,0.8,S/D,122,129,0
506,SANTA MARIA BARRA BRAVA 3 3856/16 TE,,1524328,6006,,,,,,,,9,,,-3.6,2.5,26.8,47.3,48.7,44,-4.8,8.6,3.1,-0.28,1,S/D,148,140,0
507,SANTA MARIA TWENTY TWELVE 2 5198/16 TE,,1524337,6015,,,,,,,,1,,G,0.4,2.2,26.9,46.1,48.5,57.8,1.4,9.5,4.52,0.23,0.4,88.2,138,130,0
508,SQUARE-D TORTUGA 953T,,1524400,,,,,,,,,120,,G,8.9,1,24,33,33.5,31.8,-2.8,7.8,3.1,-0.53,0.8,S/D,137,93,0
509,ZERCA NJW HOMETOWN 1 TE,,1524445,14401,,,,,,,,16,,,8.8,0,21,35,37.8,35.3,-0.8,12.2,1.68,1.75,1.4,S/D,138,115,0
510,V CH TIMES UP 2-16,,1524475,8120,,,,,,,,9,,G,7.5,1.1,21.7,33.7,39.3,45.6,6.8,8.7,3.68,0.48,0.1,92.8,113,126,0
511,ALBORADA 8061-2,,1524592,8325,,,,,,,,1,,,1.3,1.5,26.7,42.6,51.2,60.7,-0.1,13.7,3.94,-0.03,1,S/D,153,120,0
512,PALMAR KAMIKAZE 1 5-8528,,1524678,119,,,,,,,,3,,,-2.9,1.7,22.3,35.2,38,36.6,-1.8,11.1,1.74,-0.03,0.7,S/D,135,119,0
513,R LEADER 6964,,1524776,,,,,,,,,1208,,G,8.9,0.8,32.3,50.8,53.8,40.8,5.4,9.9,3.03,2.01,1.8,92,190,138,0
514,CEIBAL 8674 - 20,,1524977,9434,,,,,,,,1,,,-1.4,1.3,18.7,32.9,37.2,40.8,-0.1,12.7,2.77,-0.28,1.1,S/D,121,113,0
515,ANCARES TRUST 3 TE,,1525014,10039,,,,,,,,0,,,1.2,1.5,25.9,43,45.8,53.9,1.7,13.4,4.06,-0.53,0.9,S/D,152,108,0
516,SANTA INES 10064 EDUARDO MORO,,1525174,10064,,,,,,,,1,,,-2.8,1.7,22.2,36.1,30.3,37.9,-4.2,7.4,4.19,0.48,0.7,S/D,121,91,0
517,ANCARES LUCIFER 4018 19 TE,,1525229,10048,,,,,,,,0,,,-1.5,2,20.4,35,38,46.8,-0.1,8.5,2.58,-0.03,0.7,S/D,108,116,0
518,PASO DE LUGO HOMETOWN 347 TE,,1525438,347,,,,,,,,21,,,10.3,0.1,27.5,44.4,49.3,60.2,1.5,11.1,3.29,0.99,1.4,S/D,151,101,0
519,SIP BOXER,,1526126,9200,,,,,,,,14,,G,3.3,1.9,31.9,44.5,50.8,49,4.4,13.7,4,0.74,1,106,191,123,0
520,JUCAMOR COCOA 1,,1526211,1102,,,,,,,,1,,,-0.2,1.9,22.8,40.4,49.3,41.4,-3.1,5.1,1.81,0.23,0.5,S/D,112,170,0
521,MHPH 521X ACTION 106A,,1526238,,,,,,,,,513,,G,-2.1,2,32.3,49.7,49.8,36.9,-2.4,10.7,4,-0.28,0.9,S/D,190,132,0
522,MMCC TRUST 8630,,1526529,8630,,,,,,,,14,,,-1,1.8,27,44.6,50.8,57.7,0.6,10.8,4.32,-0.53,1.1,S/D,147,121,0
523,ISLA SENTRY 2,,1526770,8259,,,,,,,,5,,,0,1.4,22.4,38,35.9,49.9,0.3,13.4,2.97,0.48,0.5,S/D,133,94,0
524,ISLA KAMIKAZEE 8,,1526775,8264,,,,,,,,1,,,-2.7,1.9,25.4,41.6,41,37.3,-2.8,10.6,1.42,0.23,1,S/D,152,117,0
525,CHAA�A�A?A?AR VICTOR 719T 15 3553,,1526857,3553,,,,,,,,3,,G,-0.3,1,27.3,42.5,58.2,46.7,-4.1,9.6,3.55,0.23,1.4,109,155,164,0
526,CHAA�A�A?A?AR 3033 A 12 3567,,1526871,3567,,,,,,,,1,,G,5,1.1,24.6,44.2,58.7,40.1,5.6,15,4.13,0.74,1.5,97.6,165,187,0
527,BAQUEANO ADVANCE 10918-20,,1527353,12112,,,,,,,,2,,,-4.6,2.4,27.6,44.7,48.9,45.6,-0.5,10.8,3.87,0.23,0.9,S/D,158,140,0
528,SANTA LUCIA LEGO 45,,1528606,1180,,,,,,,,2,,,8.1,0.4,20.6,30.8,30.3,45,1.1,7.8,2.19,-0.03,0.4,S/D,106,77,0
529,TORDO ST INES 9302-8821,,1529588,8821,,,,,,,,0,,,-5.1,2,20.2,32.7,32,41.4,-3.9,11.1,2.19,0.48,1.1,S/D,123,93,0
530,LONCO PIRE X2778 RAUCHO LUCA,,1529798,,,,,,,,,108,,,3.7,0.7,14.5,22.1,29.1,19.9,1.4,4,1.29,-1.29,0.5,S/D,78,125,0
531,VILL MAR 75 ACTRESS TALIPOT,,1529958,,,,,,,,,269,,G,9.3,0.7,16.8,28.8,20.9,29.9,4.6,-3.8,-1.48,-0.53,0,S/D,52,78,0
532,C&B SENTRY 1 16,,1531125,154,,,,,,,,6,,,5.4,0.6,24.4,39.7,45.7,48.1,3.7,11.3,3.61,0.48,0.8,S/D,140,125,0
533,GUAYCURU TRUST-2907,,1531140,2907,,,,,,,,0,,,1.3,1.6,26.6,48.4,54.3,48.3,2.7,14.2,3.94,-0.53,1.3,S/D,165,145,0
534,CHANA. MASTER. DONAL,,1532356,105,,,,,,,,1,,,-6.2,1.9,25.1,42,47.4,42.5,-2.6,10.2,3.55,0.74,0.8,S/D,144,149,0
535,TH 409A 475ZDUE NORTH 361C ET,,1532771,,,,,,,,,263,,G,0.2,1.3,26.8,45.1,47.9,51,-2.1,7.2,4.45,0.74,0.1,100,132,141,0
536,TH 89T 755T STOCKMAN 475Z,,1532772,,,,,,,,,242,,G,-11.7,3.4,32,53.8,58.1,71.3,-9.8,2.5,4.45,2.01,0.4,102.5,131,157,0
537,BOYD FT KNOX 17Y XZ5 4040,,1532776,,,,,,,,,157,,G,6.9,-0.1,23,35.2,33.5,28,2.4,9.6,2.97,0.74,0.9,98,142,101,0
538,PASO DE LUGO 719 338,,1532819,338,,,,,,,,1,,,2.1,1.1,22.4,35.7,38,33.5,-2.7,11.2,2.97,-0.79,0.9,S/D,140,112,0
539,MBC 14E TWENTY TWELVE MX 04 MB,,1532972,25,,,,,,,,1,,,-4.2,1.9,21.8,38.8,41.5,45.2,-1.9,7,2.65,-0.28,0.7,S/D,112,127,0
540,PLANTELERO2,,1532976,4,,,,,,,,1,,,3.5,0.8,20.6,34.9,36.8,43,3.4,6.7,0.77,-0.03,0.8,S/D,106,104,0
541,CL1 DOMINO 215Z,,1533803,,,,,,,,,1002,,G,4.3,1,33.7,54.4,58.6,52.3,10.3,10.7,2.65,2.51,1.3,97.2,189,148,0
542,CHURCHILL KICKSTAR 501C ET,,1533810,,,,,,,,,675,,G,5.3,-0.1,26,40.2,46.7,49.5,5.1,10.1,4,0.99,1,S/D,145,118,0
543,CHURCHILL MANHATTAN 428B ET,,1533811,,,,,,,,,210,,G,8.6,0.1,29.8,42.6,43.2,28.3,3.7,16.6,2.97,1.5,1.3,S/D,207,114,0
544,KT BUILT TUFF 1010,,1533954,,,,,,,,,627,,G,7.5,0.1,25.4,35.4,37.8,31.9,4.2,9.3,-0.65,-0.28,1.6,97.7,155,85,0
545,ALBORADA TRUST 34,,1534629,8415,,,,,,,,1,,,-0.8,2.1,28.9,49.9,56.8,59.4,-0.2,13.8,4.52,-0.53,1.3,S/D,168,135,0
546,NJW 135U 10Y HOMETOWN 27A,,1534843,,,,,,,,,322,,,4.7,0.7,29.9,44.8,48.9,55.7,0.5,13.2,4.13,1.5,0.9,S/D,172,112,0
547,C ETF WILDCAT 4248 ET,,1534848,,,,,,,,,360,,G,-1.7,1.5,25.7,41.8,42.6,47.4,3.4,18.1,4.84,-0.79,1,S/D,173,99,0
548,HORMIGA REMARQUES 6,,1536238,1084,,,,,,,,1,,,2.7,1.3,22,35.7,41.6,41.1,2.5,8.4,2.26,-0.03,1,S/D,123,124,0
549,NJW 79Z Z311 ENDURE 173D ET,,1536682,,,,,,,,,233,,G,2.4,1.8,37,62.4,66,59.7,6.7,14.3,5.03,0.99,1.3,S/D,215,153,0
550,SURI X63 GALLI,,1538984,,,,,,,,,91,,,4.4,0.5,14.2,19.9,17,22.7,2.5,3.7,-0.26,-0.53,-0.2,S/D,69,81,0
551,TRES COLONIAS X393 ABOUT TIME -T/E-,,1539612,,,,,,,,,29,,,0.1,1.5,21,31.8,38.4,45.9,-0.4,8.7,2.77,-0.53,0.7,S/D,113,110,0
552,JDH 4X ULTIMATE 236Z 94B,,1540015,1,,,,,,,,70,,G,-2,2.5,25.8,39.7,41.4,43.7,-0.3,10.6,2.32,0.48,1.2,S/D,151,112,0
553,TH 43X17Y FAVRE 91A,,1541454,,,,,,,,,39,,,4.9,0.9,18.4,32,33.2,21.1,2.3,8.8,0.26,0.99,0.2,S/D,114,144,0
554,BURNSIDE RIB EYE 13Z,,1541468,,,,,,,,,18,,G,8.7,0.4,20.2,27.9,33,29.7,4.6,9.6,3.48,-1.04,0.6,S/D,123,104,0
555,SAUDADE X2223 PATURUZU,,1542901,X2223,,,,,,,,8,,,-3.1,2.2,20.7,31.2,24.3,33.2,0.1,6.9,0.84,-0.28,0.4,S/D,112,76,0
556,UPS SENSATION 3786 ET,,1542908,,,,,,,,,125,,G,3.7,0.4,28.4,39.2,46,39,2.5,14.5,4.06,1.75,1,S/D,182,127,0
557,NJW 79Z 22Z HEAVY DUTY 72C ET,,1543111,,,,,,,,,27,,,9.2,0.4,26.8,41.1,45.7,41.7,9.3,12.2,4.65,-0.03,1.1,S/D,163,116,0
558,EFBEEF U208 FORTUNE Y848,,1543379,,,,,,,,,134,,G,6.4,0.6,22.8,40.2,37.4,21.2,4.9,13.5,3.16,2.26,0.7,S/D,158,146,0
559,TH 512X 145Y KLONDIKE 505B ET,,1544422,,,,,,,,,177,,G,7.6,-0.4,25.7,38.8,43.1,37.9,6.8,14.4,2.39,0.23,0.7,S/D,165,113,0
560,MOHICAN THM EXCEDE Z426,,1552769,,,,,,,,,548,,G,6.2,0,26.2,46.4,49,42.4,-0.4,14.3,2.97,0.74,1.5,S/D,169,126,0
561,FORC 29F BOOMER 18L,,S000042,,,,,,,,,1128,,G,6.6,1.4,22.7,37.7,39.7,32.3,-3.7,10.2,2.52,-0.03,0.4,108.1,136,135,0
562,STAR OBF BOGART 5L,,S000081,,,,,,,,,1269,,G,-5.2,2.3,28.3,43.9,50.6,45.4,1.1,11.1,6.13,0.48,1,96.6,164,147,0
563,WESTWIND JWR TUNDRA 148R,,S000085,,,,,,,,,187,,G,2.8,1.9,27.7,45.5,52.7,55.5,2.1,8.8,1.81,0.23,1.2,95.8,146,132,0
564,STAR BRIGHT FUTURE 533P ET,,S000091,,,,,,,,,1743,,G,-8.5,2.6,26.1,42,46,43.6,0.8,7.6,0.32,0.23,0.9,102.2,140,134,0
565,SHF RIB EYE M326 R117,,S000121,,,,,,,,,3123,,G,7.1,0.7,23.7,35.6,39.4,29.8,3.7,11.7,2.39,-0.79,1.5,98.9,155,106,0
566,CRR ABOUT TIME 743,,S000131,,,,,,,,,3994,,G,2,1,23.7,35.8,41,47.4,-1.3,11.2,3.74,-0.79,0.8,95.9,136,102,0
567,MSU TCF REVOLUTION 4R,,S000133,,,,,,,,,6376,,G,3.5,1.3,29.4,46.6,52.9,49.3,5.1,10.5,5.42,1.24,1.1,93.4,166,144,0
568,NJW 98S DURANGO 44U,,S000144,,,,,,,,,1533,,G,7.1,0.1,24.9,38.7,45.2,24.2,6.6,17.6,3.1,-0.03,1,97.1,184,142,0
569,MCCOY 55M ABSOLUTE 49S,,S000145,,,,,,,,,1117,,G,9.6,0.5,28.9,45,46.3,63.5,6.7,6.2,2.52,-0.79,1.2,102.3,138,73,0
570,STAR KKH SSF KAMIKAZE 41W ET,,S000152,,,,,,,,,274,,,-4.5,2.5,26.9,42,43,50.5,-1.5,8.7,2.06,-0.03,0.7,93.7,142,110,0
571,SHF WONDER M326 W18 ET,,S000155,,,,,,,,,949,,G,4.4,1,25.4,42.9,45.5,42.7,2.2,12.8,2.13,0.74,1.9,99.2,162,113,0
572,TH 122 71I VICTOR 719T,,S000170,,,,,,,,,5128,,G,5.8,0.3,27.3,39.6,44.1,32.8,-2.4,13,2.97,-0.53,1.4,110.5,177,109,0
573,MSU XEROX 20X,,S000172,,,,,,,,,243,,G,-1.4,2.2,34.5,55.8,64.6,58.2,-1.4,8.9,4.65,-0.03,1.3,95.9,183,157,0
574,CL1 DOMINO 955W,,S000174,,,,,,,,,836,,G,-0.6,1.7,28.3,47.8,55.7,52,0.3,16.3,5.1,0.23,1.3,104.8,180,146,0
575,SPARKS TREND 2007,,S000177,,,,,,,,,325,,G,-1.1,1.2,27.9,41.9,39.2,37.8,-4.5,6.4,1.81,0.74,0.8,S/D,150,103,0
576,TH 122 71I TOP SHELF 504X ET,,S000180,,,,,,,,,315,,G,0,0.5,18.7,29.8,38.1,35.4,1,11.4,0.71,-0.28,0.9,109.7,119,121,0
577,PALENQUERO DOMINANTE 117,,S000183,,,,,,,,,134,,G,1.2,0.7,18.8,29.3,37.8,35.8,-0.8,4.4,-0.19,0.23,0.7,S/D,93,129,0
578,WLB LEGO 83T 90X,,S000193,,,,,,,,,814,,G,9.8,0.6,26.4,36.7,39.8,49.3,-2.3,6.9,3.61,0.74,0,95.7,130,105,0
579,ATOK SOCRATES,,S000194,,,,,,,,,7,,,1.2,1.7,16.1,28.7,22.9,34.3,0.4,4.2,0.71,-1.29,0.1,S/D,74,82,0
580,UPS DOMINO 3027,,S000195,,,,,,,,,3279,,G,11.9,-0.4,21.1,34.5,42,25.2,6.7,17.2,2.71,1.24,1.1,105.9,162,145,0
581,DEP GOOD & PLENTY ET,,S000196,,,,,,,,,419,,G,-1.5,1.4,21.6,36.2,33.7,32.6,-1.5,7.3,3.68,-0.79,0.1,98.4,117,114,0
582,TH 22R 16S LAMBEAU 17Y,,S000197,,,,,,,,,949,,G,11,-0.8,19.4,32.4,29.5,22.7,4.9,7.3,-0.13,1.75,0.2,99.3,113,115,0
583,TH 49U 719T SHEYENNE 3X,,S000198,,,,,,,,,758,,G,10.8,-1.2,29,40.5,40.9,39.3,3.4,12.8,2.06,0.48,1.3,S/D,181,76,0
584,NJW 73S M326 TRUST 100W ET,,S000199,,,,,,,,,3342,,G,0.6,1.6,29.9,52.1,57,66.6,4.5,16.6,5.29,-1.29,1.5,83.9,180,109,0
585,WLB BINGO 50S ET 4002X,,S000203,,,,,,,,,45,,,-1.9,2.4,27.2,46.8,49,44,-2.2,9.9,4.13,0.23,0.9,95,154,145,0
586,NJW 73S W18 HOMETOWN 10Y ET,,S000204,,,,,,,,,4012,,G,9.6,1,26.4,44.5,51,54.4,-3,15.8,3.16,1.5,1.4,98.7,166,129,0
587,BOYD MASTERPIECE 0220,,S000207,,,,,,,,,1021,,,-10.7,2.4,26.4,43.5,48.5,35.3,-5.6,11,2.97,0.48,0.7,106.8,159,161,0
588,FTF PROSPECTOR 145Y,,S000208,,,,,,,,,540,,G,4.2,1.3,29.5,48.4,52.3,46.6,4,14.9,1.94,0.74,1.2,S/D,185,133,0
589,BOYD PERFORMER J939 ET,,S000209,,,,,,,,,52,,G,-0.1,2.4,25.4,39.4,39.6,42.8,4.2,8.6,1.55,-0.53,1.1,S/D,141,101,0
590,CL 1 DOMINO 105Y,,S000214,,,,,,,,,539,,G,9,-0.1,19.7,33.1,42.7,26.7,2.8,23.5,2.52,0.99,0.5,98.8,172,157,0
591,KJ HVH 33N REDEEM 485T ET,,S000216,,,,,,,,,1503,,G,0.9,1.8,29.4,45.2,52.8,55.5,-0.6,8.1,2.65,1.75,1,96.9,152,140,0
592,NJW 73S W18 HOMEGROWN 8Y ET,,S000218,,,,,,,,,1062,,G,6.4,1.2,25.4,43.6,51.8,49,3.5,20.7,3.61,0.74,1.4,96.3,182,138,0
593,CL 1 DOMINO 297Z,,S000219,,,,,,,,,194,,G,1.9,1.4,25.6,42,49.7,42.3,5.9,16.4,2.97,0.99,0.3,99.8,166,159,0
594,GV CMR X161 TIMES UP A152,,S000222,,,,,,,,,305,,,-0.3,1.9,22.8,42.1,41.6,46,7.5,9.2,3.68,-0.79,0.5,97.2,123,121,0
595,NJW 78P TWENTYTWELVE 190Z,,S000224,,,,,,,,,744,,G,-7.8,2.6,23.8,44.8,47.9,59.5,-1.6,4.8,2.71,-0.79,0.6,87,104,130,0
596,LED GKB LEGEND 108 ET,,S000225,,,,,,,,,91,,G,-5.2,1.7,25.1,44.1,55.3,51.6,-4.9,9.9,2.52,0.48,1.3,98.5,139,159,0
597,CHAC MASON 2214,,S000226,,,,,,,,,588,,G,-3.8,2.8,23.8,39.5,46.4,48.7,0.8,11.7,5.87,-0.28,0.7,110.3,137,143,0
598,GOLDEN OAK OUTCROSS 18U,,S000228,,,,,,,,,579,,G,-1.5,3.1,31.8,51.4,55.2,57.7,5.5,13.8,4.71,0.48,1.7,S/D,188,127,0
599,EDISTO 136 BATTLE RUPERT T352,,S000229,,,,,,,,,0,,,3.7,0.6,14.9,23.5,24,29.1,2,7.6,0.13,0.48,0.2,S/D,84,100,0
600,TH 129X 9050 UNIVERSAL 121Z,,S000600,,,,,,,,,3,,,6.9,-0.4,13.5,21.5,18.7,17.7,-1.6,9.1,1.55,-0.79,0.6,S/D,93,78,0
